"CRAB_ID","HAULJOIN","CRUISE","VESSEL","HAUL","STATION","SPECIES_KFRC","SPECIES_CODE","SEX","LENGTH","WIDTH","SHELL_CONDITION","EGG_COLOR","EGG_CONDITION","CLUTCH_SIZE","WEIGHT","DISEASE_CODE","DISEASE_DORSAL","DISEASE_VENTRAL","DISEASE_LEGS","SAMPLING_FACTOR","CHELA_HEIGHT","MERUS_LENGTH","COMMENTS","GIS_STATION"
3811712,-22163,202301,134,21,"F-11",6,68560,2,NA,57,2,0,0,0,48,NA,NA,NA,NA,1,NA,NA,NA,"F-11"
3811713,-22163,202301,134,21,"F-11",2,69322,1,161.3,NA,2,NA,NA,NA,3570,NA,NA,NA,NA,1,NA,NA,NA,"F-11"
3811714,-22163,202301,134,21,"F-11",2,69322,1,125.2,NA,2,NA,NA,NA,1790,NA,NA,NA,NA,1,NA,NA,NA,"F-11"
3811715,-22163,202301,134,21,"F-11",2,69322,1,99.5,NA,2,NA,NA,NA,NA,NA,NA,NA,NA,1,NA,NA,NA,"F-11"
3811717,-22163,202301,134,21,"F-11",2,69322,1,94.9,NA,2,NA,NA,NA,NA,NA,NA,NA,NA,1,NA,NA,NA,"F-11"
3811718,-22163,202301,134,21,"F-11",2,69322,1,92.6,NA,2,NA,NA,NA,NA,NA,NA,NA,NA,1,NA,NA,NA,"F-11"
3811719,-22163,202301,134,21,"F-11",2,69322,1,95.7,NA,2,NA,NA,NA,NA,NA,NA,NA,NA,1,NA,NA,NA,"F-11"
3811720,-22163,202301,134,21,"F-11",2,69322,1,89.8,NA,2,NA,NA,NA,NA,NA,NA,NA,NA,1,NA,NA,NA,"F-11"
3811721,-22163,202301,134,21,"F-11",2,69322,1,149.5,NA,2,NA,NA,NA,NA,NA,NA,NA,NA,1,NA,NA,NA,"F-11"
3811722,-22163,202301,134,21,"F-11",2,69322,1,129.4,NA,2,NA,NA,NA,NA,NA,NA,NA,NA,1,NA,NA,NA,"F-11"
3811723,-22163,202301,134,21,"F-11",2,69322,1,145.3,NA,2,NA,NA,NA,NA,NA,NA,NA,NA,1,NA,NA,NA,"F-11"
3811725,-22163,202301,134,21,"F-11",2,69322,1,123,NA,2,NA,NA,NA,1326,NA,NA,NA,NA,1,NA,NA,NA,"F-11"
3811726,-22163,202301,134,21,"F-11",2,69322,1,137.7,NA,2,NA,NA,NA,NA,NA,NA,NA,NA,1,NA,NA,NA,"F-11"
3811727,-22163,202301,134,21,"F-11",2,69322,1,87.1,NA,2,NA,NA,NA,496,NA,NA,NA,NA,1,NA,NA,NA,"F-11"
3811728,-22163,202301,134,21,"F-11",2,69322,1,156.1,NA,2,NA,NA,NA,NA,NA,NA,NA,NA,1,NA,NA,NA,"F-11"
3811729,-22163,202301,134,21,"F-11",2,69322,1,139.4,NA,2,NA,NA,NA,NA,NA,NA,NA,NA,1,NA,NA,NA,"F-11"
3811730,-22163,202301,134,21,"F-11",2,69322,1,157,NA,3,NA,NA,NA,NA,NA,NA,NA,NA,1,NA,NA,NA,"F-11"
3811731,-22163,202301,134,21,"F-11",2,69322,2,106.7,NA,2,2,1,5,910,NA,NA,NA,NA,1,NA,NA,NA,"F-11"
3811733,-22163,202301,134,21,"F-11",2,69322,2,103.2,NA,2,2,1,5,920,NA,NA,NA,NA,1,NA,NA,NA,"F-11"
3811734,-22163,202301,134,21,"F-11",2,69322,2,105.6,NA,2,2,1,5,900,NA,NA,NA,NA,1,NA,NA,NA,"F-11"
3811735,-22163,202301,134,21,"F-11",2,69322,2,111.1,NA,2,2,1,5,1114,NA,NA,NA,NA,1,NA,NA,NA,"F-11"
3811736,-22163,202301,134,21,"F-11",2,69322,2,98.8,NA,2,2,1,5,NA,NA,NA,NA,NA,1,NA,NA,NA,"F-11"
3811737,-22163,202301,134,21,"F-11",2,69322,2,96.5,NA,2,0,0,0,NA,NA,NA,NA,NA,1,NA,NA,NA,"F-11"
3811738,-22163,202301,134,21,"F-11",2,69322,2,150.7,NA,1,2,1,5,NA,NA,NA,NA,NA,1,NA,NA,NA,"F-11"
3811739,-22163,202301,134,21,"F-11",2,69322,2,92.8,NA,2,2,1,5,NA,NA,NA,NA,NA,1,NA,NA,NA,"F-11"
3811740,-22163,202301,134,21,"F-11",2,69322,2,113.6,NA,2,2,1,5,NA,NA,NA,NA,NA,1,NA,NA,NA,"F-11"
3811742,-22163,202301,134,21,"F-11",2,69322,2,129.2,NA,2,2,1,5,NA,NA,NA,NA,NA,1,NA,NA,NA,"F-11"
3811743,-22163,202301,134,21,"F-11",2,69322,2,150.6,NA,3,0,4,1,NA,NA,NA,NA,NA,1,NA,NA,NA,"F-11"
3811744,-22163,202301,134,21,"F-11",2,69322,2,105.7,NA,2,3,1,6,NA,NA,NA,NA,NA,1,NA,NA,NA,"F-11"
3811745,-22163,202301,134,21,"F-11",2,69322,2,145.5,NA,2,2,1,5,NA,NA,NA,NA,NA,1,NA,NA,NA,"F-11"
3811746,-22163,202301,134,21,"F-11",2,69322,2,120.7,NA,1,0,0,1,NA,NA,NA,NA,NA,1,NA,NA,NA,"F-11"
3811747,-22163,202301,134,21,"F-11",2,69322,2,109.3,NA,2,2,1,5,NA,NA,NA,NA,NA,1,NA,NA,NA,"F-11"
3811748,-22163,202301,134,21,"F-11",2,69322,2,93.7,NA,2,2,1,5,NA,NA,NA,NA,NA,1,NA,NA,NA,"F-11"
3811750,-22163,202301,134,21,"F-11",2,69322,2,90.9,NA,2,2,1,5,NA,NA,NA,NA,NA,1,NA,NA,NA,"F-11"
3811751,-22163,202301,134,21,"F-11",2,69322,2,126.1,NA,2,2,1,5,NA,NA,NA,NA,NA,1,NA,NA,NA,"F-11"
3811752,-22163,202301,134,21,"F-11",2,69322,2,108.3,NA,2,2,1,5,NA,NA,NA,NA,NA,1,NA,NA,NA,"F-11"
3811753,-22163,202301,134,21,"F-11",2,69322,2,100.2,NA,2,2,1,5,NA,NA,NA,NA,NA,1,NA,NA,NA,"F-11"
3811754,-22163,202301,134,21,"F-11",2,69322,2,132.8,NA,2,2,1,5,NA,NA,NA,NA,NA,1,NA,NA,NA,"F-11"
3811755,-22163,202301,134,21,"F-11",2,69322,2,143.1,NA,2,2,1,5,NA,NA,NA,NA,NA,1,NA,NA,NA,"F-11"
3811756,-22163,202301,134,21,"F-11",2,69322,2,104.8,NA,2,2,1,5,NA,NA,NA,NA,NA,1,NA,NA,NA,"F-11"
3811758,NA,202301,134,22,NA,2,69322,1,120.3,NA,2,NA,NA,NA,NA,NA,NA,NA,NA,1,NA,NA,NA,NA
3811759,NA,202301,134,22,NA,2,69322,1,143.6,NA,2,NA,NA,NA,NA,NA,NA,NA,NA,1,NA,NA,NA,NA
3811760,NA,202301,134,22,NA,2,69322,1,155.5,NA,2,NA,NA,NA,NA,NA,NA,NA,NA,1,NA,NA,NA,NA
3811761,NA,202301,134,22,NA,2,69322,1,120.3,NA,2,NA,NA,NA,1530,NA,NA,NA,NA,1,NA,NA,NA,NA
3811762,NA,202301,134,22,NA,2,69322,1,140.5,NA,2,NA,NA,NA,2440,NA,NA,NA,NA,1,NA,NA,NA,NA
3811763,NA,202301,134,22,NA,2,69322,1,155.9,NA,2,NA,NA,NA,3020,NA,NA,NA,NA,1,NA,NA,NA,NA
3811764,NA,202301,134,22,NA,2,69322,1,93.4,NA,2,NA,NA,NA,630,NA,NA,NA,NA,1,NA,NA,NA,NA
3811765,NA,202301,134,22,NA,2,69322,1,161.9,NA,2,NA,NA,NA,NA,NA,NA,NA,NA,1,NA,NA,NA,NA
3811766,NA,202301,134,22,NA,2,69322,1,133.9,NA,2,NA,NA,NA,NA,NA,NA,NA,NA,1,NA,NA,NA,NA
3811767,NA,202301,134,22,NA,2,69322,1,138.2,NA,2,NA,NA,NA,2168,NA,NA,NA,NA,1,NA,NA,NA,NA
3811768,NA,202301,134,22,NA,2,69322,2,98.3,NA,2,0,0,0,NA,NA,NA,NA,NA,1,NA,NA,NA,NA
3811769,NA,202301,134,22,NA,2,69322,2,89.9,NA,2,0,0,0,NA,NA,NA,NA,NA,1,NA,NA,NA,NA
3811821,NA,202301,134,5,NA,6,68560,2,NA,30.4,2,0,0,0,NA,NA,NA,NA,NA,1.5642,NA,NA,NA,NA
3811822,NA,202301,134,5,NA,6,68560,2,NA,25,2,0,0,0,NA,NA,NA,NA,NA,1.5642,NA,NA,NA,NA
3811823,NA,202301,134,5,NA,6,68560,2,NA,33.8,2,0,0,0,NA,NA,NA,NA,NA,1.5642,NA,NA,NA,NA
3811824,NA,202301,134,5,NA,6,68560,2,NA,26,2,0,0,0,NA,NA,NA,NA,NA,1.5642,NA,NA,NA,NA
3811825,NA,202301,134,5,NA,6,68560,2,NA,29.4,2,0,0,0,NA,NA,NA,NA,NA,1.5642,NA,NA,NA,NA
3811826,NA,202301,134,5,NA,6,68560,2,NA,23.5,2,0,0,0,NA,NA,NA,NA,NA,1.5642,NA,NA,NA,NA
3811827,NA,202301,134,5,NA,6,68560,2,NA,32.9,2,0,0,0,NA,NA,NA,NA,NA,1.5642,NA,NA,NA,NA
3811828,NA,202301,134,5,NA,6,68560,2,NA,29.4,2,0,0,0,NA,NA,NA,NA,NA,1.5642,NA,NA,NA,NA
3811829,NA,202301,134,5,NA,6,68560,2,NA,29.9,2,0,0,0,NA,NA,NA,NA,NA,1.5642,NA,NA,NA,NA
3811830,NA,202301,134,5,NA,6,68560,2,NA,23.9,2,0,0,0,NA,NA,NA,NA,NA,1.5642,NA,NA,NA,NA
3811831,NA,202301,134,5,NA,6,68560,2,NA,29.1,2,0,0,0,NA,NA,NA,NA,NA,1.5642,NA,NA,NA,NA
3811832,NA,202301,134,5,NA,6,68560,2,NA,24.7,2,0,0,0,NA,NA,NA,NA,NA,1.5642,NA,NA,NA,NA
3811833,NA,202301,134,5,NA,6,68560,2,NA,22.2,2,0,0,0,NA,NA,NA,NA,NA,1.5642,NA,NA,NA,NA
3811834,NA,202301,134,5,NA,6,68560,2,NA,22.9,2,0,0,0,NA,NA,NA,NA,NA,1.5642,NA,NA,NA,NA
3811835,NA,202301,134,5,NA,6,68560,2,NA,29.3,2,0,0,0,NA,NA,NA,NA,NA,1.5642,NA,NA,NA,NA
3811836,NA,202301,134,5,NA,6,68560,2,NA,22.6,2,0,0,0,NA,NA,NA,NA,NA,1.5642,NA,NA,NA,NA
3811837,NA,202301,134,5,NA,6,68560,2,NA,31.2,2,0,0,0,NA,NA,NA,NA,NA,1.5642,NA,NA,NA,NA
3811838,NA,202301,134,5,NA,6,68560,2,NA,29.8,2,0,0,0,NA,NA,NA,NA,NA,1.5642,NA,NA,NA,NA
3811839,NA,202301,134,5,NA,6,68560,2,NA,29.9,2,0,0,0,NA,NA,NA,NA,NA,1.5642,NA,NA,NA,NA
3811840,NA,202301,134,5,NA,6,68560,2,NA,20.1,2,0,0,0,NA,NA,NA,NA,NA,1.5642,NA,NA,NA,NA
3811841,NA,202301,134,5,NA,6,68560,2,NA,26.9,2,0,0,0,NA,NA,NA,NA,NA,1.5642,NA,NA,NA,NA
3811842,NA,202301,134,5,NA,6,68560,2,NA,29.9,2,0,0,0,NA,NA,NA,NA,NA,1.5642,NA,NA,NA,NA
3811843,NA,202301,134,1,NA,NA,68550,1,NA,154.6,1,NA,NA,NA,NA,NA,NA,NA,NA,1,NA,NA,NA,NA
3811844,NA,202301,134,1,NA,NA,68550,1,NA,155.2,1,NA,NA,NA,NA,NA,NA,NA,NA,1,NA,NA,NA,NA
3811845,NA,202301,134,1,NA,NA,68550,1,NA,157.1,1,NA,NA,NA,NA,NA,NA,NA,NA,1,NA,NA,NA,NA
3811846,NA,202301,134,1,NA,NA,68550,1,NA,143.3,1,NA,NA,NA,NA,NA,NA,NA,NA,1,NA,NA,NA,NA
3811847,NA,202301,134,1,NA,NA,68550,1,NA,139.2,1,NA,NA,NA,NA,NA,NA,NA,NA,1,NA,NA,NA,NA
3811848,NA,202301,134,1,NA,NA,68550,1,NA,137.4,1,NA,NA,NA,NA,NA,NA,NA,NA,1,NA,NA,NA,NA
3811849,NA,202301,134,1,NA,NA,68550,1,NA,123.3,1,NA,NA,NA,NA,NA,NA,NA,NA,1,NA,NA,NA,NA
3811850,NA,202301,134,1,NA,NA,68550,1,NA,144.4,1,NA,NA,NA,NA,NA,NA,NA,NA,1,NA,NA,NA,NA
3811851,NA,202301,134,1,NA,6,68560,1,NA,53.3,2,NA,NA,NA,NA,NA,NA,NA,NA,1,NA,NA,NA,NA
3811852,NA,202301,134,1,NA,6,68560,1,NA,78.3,2,NA,NA,NA,NA,NA,NA,NA,NA,1,NA,NA,NA,NA
3811853,NA,202301,134,1,NA,6,68560,1,NA,62.7,2,NA,NA,NA,NA,NA,NA,NA,NA,1,NA,NA,NA,NA
3811854,NA,202301,134,3,NA,6,68560,1,NA,30,2,NA,NA,NA,NA,NA,NA,NA,NA,1,NA,NA,NA,NA
3811855,NA,202301,134,3,NA,6,68560,1,NA,33.2,2,NA,NA,NA,NA,NA,NA,NA,NA,1,NA,NA,NA,NA
3811856,NA,202301,134,3,NA,6,68560,1,NA,41.8,2,NA,NA,NA,NA,NA,NA,NA,NA,1,NA,NA,NA,NA
3811857,NA,202301,134,3,NA,6,68560,1,NA,38.6,2,NA,NA,NA,NA,NA,NA,NA,NA,1,NA,NA,NA,NA
3811858,NA,202301,134,3,NA,6,68560,1,NA,44,2,NA,NA,NA,NA,NA,NA,NA,NA,1,NA,NA,NA,NA
3811859,NA,202301,134,3,NA,6,68560,1,NA,39.6,2,NA,NA,NA,NA,NA,NA,NA,NA,1,NA,NA,NA,NA
3811876,-22181,202301,134,24,"E-11",2,69322,2,119.8,NA,2,2,1,5,NA,NA,NA,NA,NA,1,NA,NA,NA,"E-11"
3811877,-22181,202301,134,24,"E-11",2,69322,2,143.4,NA,2,2,1,5,NA,NA,NA,NA,NA,1,NA,NA,NA,"E-11"
3811878,-22181,202301,134,24,"E-11",2,69322,2,127.7,NA,2,2,1,5,NA,NA,NA,NA,NA,1,NA,NA,NA,"E-11"
3811879,-22181,202301,134,24,"E-11",2,69322,2,141.5,NA,2,2,1,6,NA,NA,NA,NA,NA,1,NA,NA,NA,"E-11"
3811880,-22181,202301,134,24,"E-11",2,69322,2,118,NA,2,2,1,6,NA,NA,NA,NA,NA,1,NA,NA,NA,"E-11"
3811881,-22181,202301,134,24,"E-11",2,69322,2,159.2,NA,1,2,1,5,NA,NA,NA,NA,NA,1,NA,NA,NA,"E-11"
3811882,-22181,202301,134,24,"E-11",2,69322,2,142.5,NA,2,2,1,5,NA,NA,NA,NA,NA,1,NA,NA,NA,"E-11"
3811884,-22181,202301,134,24,"E-11",2,69322,2,127.3,NA,2,2,1,5,1436,NA,NA,NA,NA,1,NA,NA,NA,"E-11"
3811885,NA,202301,134,25,NA,6,68560,1,NA,105.1,3,NA,NA,NA,NA,NA,NA,NA,NA,1,19.1,NA,NA,NA
3811886,NA,202301,134,25,NA,2,69322,1,158.2,NA,2,NA,NA,NA,3210,NA,NA,NA,NA,1,NA,NA,NA,NA
3811887,NA,202301,134,25,NA,2,69322,1,168.6,NA,2,NA,NA,NA,NA,NA,NA,NA,NA,1,NA,NA,NA,NA
3811888,NA,202301,134,25,NA,2,69322,1,109.1,NA,2,NA,NA,NA,1052,NA,NA,NA,NA,1,NA,NA,NA,NA
3811889,NA,202301,134,25,NA,2,69322,2,144.1,NA,2,2,1,6,NA,NA,NA,NA,NA,1,NA,NA,NA,NA
3811890,NA,202301,134,25,NA,2,69322,2,141.5,NA,2,2,1,5,NA,NA,NA,NA,NA,1,NA,NA,NA,NA
3811891,NA,202301,134,25,NA,2,69322,2,111.5,NA,2,2,1,5,NA,NA,NA,NA,NA,1,NA,NA,NA,NA
3811926,NA,202301,134,1,NA,NA,68550,1,NA,152.9,0,NA,NA,NA,NA,NA,NA,NA,NA,1,NA,NA,NA,NA
3811927,NA,202301,134,1,NA,NA,68550,1,NA,137.4,0,NA,NA,NA,NA,NA,NA,NA,NA,1,NA,NA,NA,NA
3811928,NA,202301,134,1,NA,NA,68550,1,NA,141,1,NA,NA,NA,NA,NA,NA,NA,NA,1,NA,NA,NA,NA
3811929,NA,202301,134,1,NA,NA,68550,1,NA,141.9,1,NA,NA,NA,NA,NA,NA,NA,NA,1,NA,NA,NA,NA
3811930,NA,202301,134,1,NA,NA,68550,1,NA,148.4,1,NA,NA,NA,NA,NA,NA,NA,NA,1,NA,NA,NA,NA
3811999,NA,202301,134,3,NA,6,68560,1,NA,31.3,2,NA,NA,NA,NA,NA,NA,NA,NA,1,NA,NA,NA,NA
3812000,NA,202301,134,3,NA,6,68560,1,NA,33.5,2,NA,NA,NA,NA,NA,NA,NA,NA,1,NA,NA,NA,NA
3812001,NA,202301,134,3,NA,6,68560,1,NA,44.5,2,NA,NA,NA,NA,NA,NA,NA,NA,1,NA,NA,NA,NA
3812002,NA,202301,134,3,NA,6,68560,1,NA,39,2,NA,NA,NA,NA,NA,NA,NA,NA,1,NA,NA,NA,NA
3812003,NA,202301,134,3,NA,6,68560,1,NA,43.5,2,NA,NA,NA,NA,NA,NA,NA,NA,1,NA,NA,NA,NA
3812004,NA,202301,134,3,NA,6,68560,1,NA,38.3,2,NA,NA,NA,NA,NA,NA,NA,NA,1,NA,NA,NA,NA
3812005,NA,202301,134,3,NA,6,68560,1,NA,35.2,2,NA,NA,NA,NA,NA,NA,NA,NA,1,NA,NA,NA,NA
3812006,NA,202301,134,3,NA,6,68560,1,NA,43.5,2,NA,NA,NA,NA,NA,NA,NA,NA,1,NA,NA,NA,NA
3812007,NA,202301,134,3,NA,6,68560,1,NA,40.5,2,NA,NA,NA,NA,NA,NA,NA,NA,1,NA,NA,NA,NA
3812008,NA,202301,134,3,NA,6,68560,1,NA,58,2,NA,NA,NA,NA,NA,NA,NA,NA,1,NA,NA,NA,NA
3812009,NA,202301,134,3,NA,6,68560,1,NA,36.1,2,NA,NA,NA,NA,NA,NA,NA,NA,1,NA,NA,NA,NA
3812010,NA,202301,134,3,NA,6,68560,1,NA,41.5,2,NA,NA,NA,NA,NA,NA,NA,NA,1,NA,NA,NA,NA
3812011,NA,202301,134,3,NA,6,68560,1,NA,42.2,2,NA,NA,NA,NA,NA,NA,NA,NA,1,NA,NA,NA,NA
3812012,NA,202301,134,3,NA,6,68560,1,NA,42,2,NA,NA,NA,NA,NA,NA,NA,NA,1,NA,NA,NA,NA
3812013,NA,202301,134,3,NA,6,68560,1,NA,45.7,2,NA,NA,NA,NA,NA,NA,NA,NA,1,NA,NA,NA,NA
3812014,NA,202301,134,3,NA,6,68560,1,NA,41.9,2,NA,NA,NA,NA,NA,NA,NA,NA,1,NA,NA,NA,NA
3812015,NA,202301,134,3,NA,6,68560,1,NA,51.6,2,NA,NA,NA,NA,NA,NA,NA,NA,1,NA,NA,NA,NA
3812016,NA,202301,134,3,NA,6,68560,1,NA,44.8,2,NA,NA,NA,NA,NA,NA,NA,NA,1,NA,NA,NA,NA
3812017,NA,202301,134,3,NA,6,68560,1,NA,70.5,2,NA,NA,NA,NA,NA,NA,NA,NA,1,NA,NA,NA,NA
3812018,NA,202301,134,3,NA,6,68560,1,NA,85.8,2,NA,NA,NA,NA,NA,NA,NA,NA,1,NA,NA,NA,NA
3812019,NA,202301,134,3,NA,6,68560,1,NA,73.7,2,NA,NA,NA,NA,NA,NA,NA,NA,1,NA,NA,NA,NA
3812020,NA,202301,134,3,NA,6,68560,2,NA,42.2,2,0,0,0,NA,NA,NA,NA,NA,1.92873,NA,NA,NA,NA
3812021,NA,202301,134,3,NA,6,68560,2,NA,61.5,2,0,0,0,NA,NA,NA,NA,NA,1.92873,NA,NA,NA,NA
3812022,NA,202301,134,3,NA,6,68560,2,NA,58.9,2,0,0,0,NA,NA,NA,NA,NA,1.92873,NA,NA,NA,NA
3812023,NA,202301,134,3,NA,6,68560,2,NA,39.5,2,0,0,0,NA,NA,NA,NA,NA,1.92873,NA,NA,NA,NA
3812024,NA,202301,134,3,NA,6,68560,2,NA,38.1,2,0,0,0,NA,NA,NA,NA,NA,1.92873,NA,NA,NA,NA
3812025,NA,202301,134,3,NA,6,68560,2,NA,43.1,2,0,0,0,NA,NA,NA,NA,NA,1.92873,NA,NA,NA,NA
3812026,NA,202301,134,3,NA,6,68560,2,NA,37.4,2,0,0,0,NA,NA,NA,NA,NA,1.92873,NA,NA,NA,NA
3812027,NA,202301,134,3,NA,6,68560,2,NA,42.5,2,0,0,0,NA,NA,NA,NA,NA,1.92873,NA,NA,NA,NA
3812028,NA,202301,134,3,NA,6,68560,2,NA,41.7,2,0,0,0,NA,NA,NA,NA,NA,1.92873,NA,NA,NA,NA
3812029,NA,202301,134,3,NA,6,68560,2,NA,40.9,2,0,0,0,NA,NA,NA,NA,NA,1.92873,NA,NA,NA,NA
3812030,NA,202301,134,3,NA,6,68560,2,NA,50.8,2,0,0,0,NA,NA,NA,NA,NA,1.92873,NA,NA,NA,NA
3812031,NA,202301,134,3,NA,6,68560,2,NA,54.9,2,0,0,0,NA,NA,NA,NA,NA,1.92873,NA,NA,NA,NA
3812032,NA,202301,134,3,NA,6,68560,2,NA,39.8,2,0,0,0,NA,NA,NA,NA,NA,1.92873,NA,NA,NA,NA
3812033,NA,202301,134,3,NA,6,68560,2,NA,43.7,2,0,0,0,NA,NA,NA,NA,NA,1.92873,NA,NA,NA,NA
3812034,NA,202301,134,3,NA,6,68560,2,NA,35.3,2,0,0,0,NA,NA,NA,NA,NA,1.92873,NA,NA,NA,NA
3812035,NA,202301,134,3,NA,6,68560,2,NA,48.3,2,0,0,0,NA,NA,NA,NA,NA,1.92873,NA,NA,NA,NA
3812036,NA,202301,134,3,NA,6,68560,2,NA,47.9,2,0,0,0,NA,NA,NA,NA,NA,1.92873,NA,NA,NA,NA
3812037,NA,202301,134,3,NA,6,68560,2,NA,65.8,2,0,0,0,NA,NA,NA,NA,NA,1.92873,NA,NA,NA,NA
3812271,NA,202301,134,4,NA,6,68560,1,NA,22.2,2,NA,NA,NA,NA,NA,NA,NA,NA,2.1104,NA,NA,NA,NA
3812272,NA,202301,134,4,NA,6,68560,1,NA,22.4,2,NA,NA,NA,NA,NA,NA,NA,NA,2.1104,NA,NA,NA,NA
3812273,NA,202301,134,4,NA,6,68560,1,NA,22.8,2,NA,NA,NA,NA,NA,NA,NA,NA,2.1104,NA,NA,NA,NA
3812274,NA,202301,134,4,NA,6,68560,1,NA,24.6,2,NA,NA,NA,NA,NA,NA,NA,NA,2.1104,NA,NA,NA,NA
3812275,NA,202301,134,4,NA,1,69310,3,123,NA,2,NA,NA,NA,NA,NA,NA,NA,NA,1,NA,NA,NA,NA
3812276,NA,202301,134,4,NA,6,68560,1,NA,67.4,2,NA,NA,NA,NA,NA,NA,NA,NA,1,NA,NA,NA,NA
3812277,NA,202301,134,4,NA,6,68560,2,NA,19.5,2,0,0,0,NA,NA,NA,NA,NA,2.1104,NA,NA,NA,NA
3812278,NA,202301,134,4,NA,6,68560,2,NA,43.5,2,0,0,0,NA,NA,NA,NA,NA,2.1104,NA,NA,NA,NA
3812279,NA,202301,134,4,NA,6,68560,2,NA,42.6,2,0,0,0,NA,NA,NA,NA,NA,2.1104,NA,NA,NA,NA
3812280,NA,202301,134,4,NA,6,68560,2,NA,38.2,2,0,0,0,NA,NA,NA,NA,NA,2.1104,NA,NA,NA,NA
3812281,NA,202301,134,4,NA,6,68560,2,NA,37.6,2,0,0,0,NA,NA,NA,NA,NA,2.1104,NA,NA,NA,NA
3812282,NA,202301,134,4,NA,6,68560,2,NA,33.7,2,0,0,0,NA,NA,NA,NA,NA,2.1104,NA,NA,NA,NA
3812283,NA,202301,134,4,NA,6,68560,2,NA,31.1,2,0,0,0,NA,NA,NA,NA,NA,2.1104,NA,NA,NA,NA
3812284,NA,202301,134,4,NA,6,68560,2,NA,26.3,2,0,0,0,NA,NA,NA,NA,NA,2.1104,NA,NA,NA,NA
3812285,NA,202301,134,4,NA,6,68560,2,NA,31.6,2,0,0,0,NA,NA,NA,NA,NA,2.1104,NA,NA,NA,NA
3812286,NA,202301,134,4,NA,6,68560,2,NA,25,2,0,0,0,NA,NA,NA,NA,NA,2.1104,NA,NA,NA,NA
3812287,NA,202301,134,4,NA,6,68560,2,NA,22.4,2,0,0,0,NA,NA,NA,NA,NA,2.1104,NA,NA,NA,NA
3812288,NA,202301,134,4,NA,6,68560,2,NA,24,2,0,0,0,NA,NA,NA,NA,NA,2.1104,NA,NA,NA,NA
3812289,NA,202301,134,4,NA,6,68560,2,NA,22.3,2,0,0,0,NA,NA,NA,NA,NA,2.1104,NA,NA,NA,NA
3812290,NA,202301,134,4,NA,6,68560,2,NA,37.5,2,0,0,0,NA,NA,NA,NA,NA,2.1104,NA,NA,NA,NA
3812291,NA,202301,134,4,NA,6,68560,2,NA,27.1,2,0,0,0,NA,NA,NA,NA,NA,2.1104,NA,NA,NA,NA
3812292,NA,202301,134,4,NA,6,68560,2,NA,22.5,2,0,0,0,NA,NA,NA,NA,NA,2.1104,NA,NA,NA,NA
3812293,NA,202301,134,4,NA,6,68560,2,NA,22.8,2,0,0,0,NA,NA,NA,NA,NA,2.1104,NA,NA,NA,NA
3812294,NA,202301,134,4,NA,6,68560,2,NA,15.9,2,0,0,0,NA,NA,NA,NA,NA,2.1104,NA,NA,NA,NA
3812295,NA,202301,134,4,NA,6,68560,2,NA,22.2,2,0,0,0,NA,NA,NA,NA,NA,2.1104,NA,NA,NA,NA
3812296,NA,202301,134,4,NA,6,68560,2,NA,43.6,2,0,0,0,NA,NA,NA,NA,NA,2.1104,NA,NA,NA,NA
3812297,NA,202301,134,4,NA,6,68560,2,NA,20.1,2,0,0,0,NA,NA,NA,NA,NA,2.1104,NA,NA,NA,NA
3812298,NA,202301,134,4,NA,6,68560,2,NA,33.6,2,0,0,0,NA,NA,NA,NA,NA,2.1104,NA,NA,NA,NA
3812299,NA,202301,134,4,NA,6,68560,2,NA,23.2,2,0,0,0,NA,NA,NA,NA,NA,2.1104,NA,NA,NA,NA
3812300,NA,202301,134,4,NA,6,68560,2,NA,27.4,2,0,0,0,NA,NA,NA,NA,NA,2.1104,NA,NA,NA,NA
3812301,NA,202301,134,4,NA,6,68560,2,NA,25.1,2,0,0,0,NA,NA,NA,NA,NA,2.1104,NA,NA,NA,NA
3812302,NA,202301,134,4,NA,6,68560,2,NA,19.3,2,0,0,0,NA,NA,NA,NA,NA,2.1104,NA,NA,NA,NA
3812303,NA,202301,134,4,NA,6,68560,2,NA,40.5,2,0,0,0,NA,NA,NA,NA,NA,2.1104,NA,NA,NA,NA
3812304,NA,202301,134,4,NA,6,68560,2,NA,22.6,2,0,0,0,NA,NA,NA,NA,NA,2.1104,NA,NA,NA,NA
3812305,NA,202301,134,25,NA,2,69322,2,143,NA,2,2,1,5,1720,NA,NA,NA,NA,1,NA,NA,NA,NA
3812306,NA,202301,134,25,NA,2,69322,2,108.9,NA,2,2,1,5,914,NA,NA,NA,NA,1,NA,NA,NA,NA
3812356,-22163,202301,134,21,"F-11",6,68560,1,NA,60.9,2,NA,NA,NA,NA,NA,NA,NA,NA,1,8.4,NA,NA,"F-11"
3812357,-22163,202301,134,21,"F-11",6,68560,1,NA,117.9,2,NA,NA,NA,NA,NA,NA,NA,NA,1,23.5,NA,NA,"F-11"
3812358,-22163,202301,134,21,"F-11",6,68560,1,NA,106.6,2,NA,NA,NA,NA,NA,NA,NA,NA,1,19.4,NA,NA,"F-11"
3812359,-22163,202301,134,21,"F-11",6,68560,1,NA,127.9,2,NA,NA,NA,NA,NA,NA,NA,NA,1,26,NA,NA,"F-11"
3812360,-22163,202301,134,21,"F-11",6,68560,1,NA,115.6,2,NA,NA,NA,484,NA,NA,NA,NA,1,23.2,NA,NA,"F-11"
3812361,-22163,202301,134,21,"F-11",6,68560,2,NA,61.3,2,0,0,0,NA,NA,NA,NA,NA,1,NA,NA,NA,"F-11"
3812362,-22163,202301,134,21,"F-11",6,68560,2,NA,29.4,2,0,0,0,NA,NA,NA,NA,NA,1,NA,NA,NA,"F-11"
3812363,-22163,202301,134,21,"F-11",6,68560,2,NA,65.9,2,0,0,0,70,NA,NA,NA,NA,1,NA,NA,NA,"F-11"
3812365,-22163,202301,134,21,"F-11",6,68560,2,NA,62.4,2,0,0,0,64,NA,NA,NA,NA,1,NA,NA,NA,"F-11"
3812038,NA,202301,134,3,NA,6,68560,2,NA,42,2,0,0,0,NA,NA,NA,NA,NA,1.92873,NA,NA,NA,NA
3812039,NA,202301,134,3,NA,6,68560,2,NA,46.5,2,0,0,0,NA,NA,NA,NA,NA,1.92873,NA,NA,NA,NA
3812040,NA,202301,134,3,NA,6,68560,2,NA,47.7,2,0,0,0,NA,NA,NA,NA,NA,1.92873,NA,NA,NA,NA
3812041,NA,202301,134,3,NA,6,68560,2,NA,42.1,2,0,0,0,NA,NA,NA,NA,NA,1.92873,NA,NA,NA,NA
3812042,NA,202301,134,3,NA,6,68560,2,NA,47.5,2,0,0,0,NA,NA,NA,NA,NA,1.92873,NA,NA,NA,NA
3812043,NA,202301,134,3,NA,6,68560,2,NA,47.5,2,0,0,0,NA,NA,NA,NA,NA,1.92873,NA,NA,NA,NA
3812044,NA,202301,134,3,NA,6,68560,2,NA,48.9,2,0,0,0,NA,NA,NA,NA,NA,1.92873,NA,NA,NA,NA
3812045,NA,202301,134,3,NA,6,68560,2,NA,73.8,2,4,1,4,NA,NA,NA,NA,NA,1.92873,NA,NA,NA,NA
3812046,NA,202301,134,3,NA,6,68560,2,NA,77.9,2,4,1,4,NA,NA,NA,NA,NA,1.92873,NA,NA,NA,NA
3812047,NA,202301,134,3,NA,6,68560,2,NA,66.5,2,4,1,4,NA,NA,NA,NA,NA,1.92873,NA,NA,NA,NA
3812048,NA,202301,134,3,NA,6,68560,2,NA,71.5,2,4,1,4,NA,NA,NA,NA,NA,1.92873,NA,NA,NA,NA
3812049,NA,202301,134,3,NA,6,68560,2,NA,73.4,2,4,1,6,NA,NA,NA,NA,NA,1.92873,NA,NA,NA,NA
3812050,NA,202301,134,3,NA,6,68560,2,NA,73,2,4,1,5,NA,NA,NA,NA,NA,1.92873,NA,NA,NA,NA
3812051,NA,202301,134,3,NA,6,68560,2,NA,70.2,2,4,1,5,NA,NA,NA,NA,NA,1.92873,NA,NA,NA,NA
3812052,NA,202301,134,3,NA,6,68560,2,NA,67.3,2,4,1,5,NA,NA,NA,NA,NA,1.92873,NA,NA,NA,NA
3812053,NA,202301,134,3,NA,6,68560,2,NA,76.9,2,4,1,5,NA,NA,NA,NA,NA,1.92873,NA,NA,NA,NA
3812054,NA,202301,134,3,NA,6,68560,2,NA,80.2,3,4,1,5,NA,NA,NA,NA,NA,1.92873,NA,NA,NA,NA
3812055,NA,202301,134,3,NA,6,68560,2,NA,77.2,3,4,1,6,NA,NA,NA,NA,NA,1.92873,NA,NA,NA,NA
3812056,NA,202301,134,3,NA,6,68560,2,NA,61.6,3,4,1,6,NA,NA,NA,NA,NA,1.92873,NA,NA,NA,NA
3812057,NA,202301,134,3,NA,6,68560,2,NA,84.4,3,4,1,6,NA,NA,NA,NA,NA,1.92873,NA,NA,NA,NA
3812058,NA,202301,134,3,NA,6,68560,2,NA,72.9,3,4,1,6,NA,NA,NA,NA,NA,1.92873,NA,NA,NA,NA
3812059,NA,202301,134,3,NA,6,68560,2,NA,76.1,3,4,1,6,NA,NA,NA,NA,NA,1.92873,NA,NA,NA,NA
3812060,NA,202301,134,4,NA,6,68560,2,NA,32.8,2,0,0,0,NA,NA,NA,NA,NA,2.1104,NA,NA,NA,NA
3812061,NA,202301,134,4,NA,6,68560,2,NA,29.2,2,0,0,0,NA,NA,NA,NA,NA,2.1104,NA,NA,NA,NA
3812062,NA,202301,134,4,NA,6,68560,2,NA,20.5,2,0,0,0,NA,NA,NA,NA,NA,2.1104,NA,NA,NA,NA
3812063,NA,202301,134,4,NA,6,68560,2,NA,21,2,0,0,0,NA,NA,NA,NA,NA,2.1104,NA,NA,NA,NA
3812064,NA,202301,134,4,NA,6,68560,2,NA,22.9,2,0,0,0,NA,NA,NA,NA,NA,2.1104,NA,NA,NA,NA
3812065,NA,202301,134,4,NA,6,68560,2,NA,23.3,2,0,0,0,NA,NA,NA,NA,NA,2.1104,NA,NA,NA,NA
3812066,NA,202301,134,4,NA,6,68560,2,NA,27.5,2,0,0,0,NA,NA,NA,NA,NA,2.1104,NA,NA,NA,NA
3812067,NA,202301,134,22,NA,2,69322,2,85.1,NA,2,0,0,0,NA,NA,NA,NA,NA,1,NA,NA,NA,NA
3812068,NA,202301,134,22,NA,2,69322,2,106.1,NA,2,2,1,5,NA,NA,NA,NA,NA,1,NA,NA,NA,NA
3812069,NA,202301,134,22,NA,2,69322,2,108.4,NA,2,2,1,5,NA,NA,NA,NA,NA,1,NA,NA,NA,NA
3812070,NA,202301,134,22,NA,2,69322,2,135.1,NA,2,2,1,5,NA,NA,NA,NA,NA,1,NA,NA,NA,NA
3812071,NA,202301,134,22,NA,2,69322,2,142,NA,2,2,1,5,NA,NA,NA,NA,NA,1,NA,NA,NA,NA
3812072,NA,202301,134,22,NA,2,69322,2,92.7,NA,2,2,1,5,616,NA,NA,NA,NA,1,NA,NA,NA,NA
3812073,NA,202301,134,22,NA,2,69322,2,90.9,NA,2,0,0,0,570,NA,NA,NA,NA,1,NA,NA,NA,NA
3812074,NA,202301,134,22,NA,2,69322,2,98.4,NA,2,2,1,5,768,NA,NA,NA,NA,1,NA,NA,NA,NA
3812075,NA,202301,134,22,NA,2,69322,2,120.8,NA,2,2,1,5,1236,NA,NA,NA,NA,1,NA,NA,NA,NA
3812076,NA,202301,134,22,NA,2,69322,2,101.8,NA,2,2,1,5,826,NA,NA,NA,NA,1,NA,NA,NA,NA
3812077,NA,202301,134,22,NA,2,69322,2,104.5,NA,2,2,1,5,928,NA,NA,NA,NA,1,NA,NA,NA,NA
3812078,NA,202301,134,22,NA,2,69322,2,108.2,NA,2,2,1,5,1042,NA,NA,NA,NA,1,NA,NA,NA,NA
3812079,NA,202301,134,22,NA,4,69400,2,69.1,NA,2,0,0,1,NA,NA,NA,NA,NA,1,NA,NA,NA,NA
3812080,NA,202301,134,22,NA,6,68560,1,NA,29.5,2,NA,NA,NA,NA,NA,NA,NA,NA,1,NA,NA,NA,NA
3812081,NA,202301,134,22,NA,6,68560,1,NA,32.5,2,NA,NA,NA,NA,NA,NA,NA,NA,1,NA,NA,NA,NA
3812082,NA,202301,134,22,NA,6,68560,1,NA,53.6,2,NA,NA,NA,NA,NA,NA,NA,NA,1,6.4,NA,NA,NA
3812083,NA,202301,134,22,NA,6,68560,1,NA,57.9,2,NA,NA,NA,NA,NA,NA,NA,NA,1,6.4,NA,NA,NA
3812084,NA,202301,134,22,NA,6,68560,1,NA,75.1,2,NA,NA,NA,NA,NA,NA,NA,NA,1,9.6,NA,NA,NA
3812085,NA,202301,134,22,NA,6,68560,1,NA,116.8,2,NA,NA,NA,NA,NA,NA,NA,NA,1,22.1,NA,NA,NA
3812086,NA,202301,134,22,NA,6,68560,1,NA,110.2,3,NA,NA,NA,434,NA,NA,NA,NA,1,22.8,NA,NA,NA
3812087,NA,202301,134,22,NA,6,68560,1,NA,121,3,NA,NA,NA,542,NA,NA,NA,NA,1,23.9,NA,NA,NA
3812088,NA,202301,134,22,NA,6,68560,1,NA,116.2,2,NA,NA,NA,486,NA,NA,NA,NA,1,23,NA,NA,NA
3812089,NA,202301,134,22,NA,6,68560,1,NA,109.4,2,NA,NA,NA,410,NA,NA,NA,NA,1,20.8,NA,NA,NA
3812090,NA,202301,134,22,NA,6,68560,2,NA,82.9,3,4,1,6,NA,NA,NA,NA,NA,1,NA,NA,NA,NA
3812091,NA,202301,134,22,NA,6,68560,2,NA,108.6,3,4,1,6,NA,NA,NA,NA,NA,1,NA,NA,NA,NA
3812092,NA,202301,134,22,NA,6,68560,2,NA,86.7,3,4,1,6,NA,NA,NA,NA,NA,1,NA,NA,NA,NA
3812093,NA,202301,134,22,NA,6,68560,2,NA,103.8,3,4,1,6,302,NA,NA,NA,NA,1,NA,NA,NA,NA
3812094,NA,202301,134,22,NA,6,68560,2,NA,85.4,3,4,1,6,176,NA,NA,NA,NA,1,NA,NA,NA,NA
3812095,NA,202301,134,22,NA,6,68560,2,NA,110.3,3,4,1,6,394,NA,NA,NA,NA,1,NA,NA,NA,NA
3812096,NA,202301,134,22,NA,6,68560,2,NA,63.4,2,0,0,0,NA,NA,NA,NA,NA,1,NA,NA,NA,NA
3812097,NA,202301,134,22,NA,6,68560,2,NA,31.5,2,0,0,0,NA,NA,NA,NA,NA,1,NA,NA,NA,NA
3812098,NA,202301,134,22,NA,6,68560,2,NA,60.5,2,0,0,0,NA,NA,NA,NA,NA,1,NA,NA,NA,NA
3812099,NA,202301,134,22,NA,6,68560,2,NA,56.3,2,0,0,0,44,NA,NA,NA,NA,1,NA,NA,NA,NA
3812100,NA,202301,134,22,NA,6,68560,2,NA,61,2,0,0,0,58,NA,NA,NA,NA,1,NA,NA,NA,NA
3812101,NA,202301,134,6,NA,6,68560,2,NA,35.4,2,0,0,0,NA,NA,NA,NA,NA,1,NA,NA,NA,NA
3812102,NA,202301,134,6,NA,6,68560,2,NA,17.2,2,0,0,0,NA,NA,NA,NA,NA,1,NA,NA,NA,NA
3812152,NA,202301,134,4,NA,6,68560,2,NA,24.3,2,0,0,0,NA,NA,NA,NA,NA,2.1104,NA,NA,NA,NA
3812407,-22181,202301,134,24,"E-11",6,68560,1,NA,108,3,NA,NA,NA,NA,NA,NA,NA,NA,1,NA,NA,NA,"E-11"
3812409,-22181,202301,134,24,"E-11",2,69322,1,146.9,NA,3,NA,NA,NA,NA,NA,NA,NA,NA,1,NA,NA,NA,"E-11"
3812410,-22181,202301,134,24,"E-11",2,69322,1,138.3,NA,3,NA,NA,NA,NA,NA,NA,NA,NA,1,NA,NA,NA,"E-11"
3812411,-22181,202301,134,24,"E-11",2,69322,1,114.9,NA,2,NA,NA,NA,NA,NA,NA,NA,NA,1,NA,NA,NA,"E-11"
3812412,-22181,202301,134,24,"E-11",2,69322,1,106.8,NA,2,NA,NA,NA,1042,NA,NA,NA,NA,1,NA,NA,NA,"E-11"
3812413,-22181,202301,134,24,"E-11",2,69322,1,122.1,NA,2,NA,NA,NA,1404,NA,NA,NA,NA,1,NA,NA,NA,"E-11"
3812414,-22181,202301,134,24,"E-11",2,69322,1,162.4,NA,3,NA,NA,NA,3750,NA,NA,NA,NA,1,NA,NA,NA,"E-11"
3812415,-22181,202301,134,24,"E-11",2,69322,2,121.1,NA,2,2,1,6,NA,NA,NA,NA,NA,1,NA,NA,NA,"E-11"
3812501,NA,202301,134,4,NA,6,68560,2,NA,30.4,2,0,0,0,NA,NA,NA,NA,NA,2.1104,NA,NA,NA,NA
3812502,NA,202301,134,4,NA,6,68560,2,NA,21.1,2,0,0,0,NA,NA,NA,NA,NA,2.1104,NA,NA,NA,NA
3812503,NA,202301,134,4,NA,6,68560,2,NA,30.2,2,0,0,0,NA,NA,NA,NA,NA,2.1104,NA,NA,NA,NA
3812504,NA,202301,134,4,NA,6,68560,2,NA,22.4,2,0,0,0,NA,NA,NA,NA,NA,2.1104,NA,NA,NA,NA
3812505,NA,202301,134,4,NA,6,68560,2,NA,25.5,2,0,0,0,NA,NA,NA,NA,NA,2.1104,NA,NA,NA,NA
3812506,NA,202301,134,4,NA,6,68560,2,NA,22,2,0,0,0,NA,NA,NA,NA,NA,2.1104,NA,NA,NA,NA
3812507,NA,202301,134,4,NA,6,68560,2,NA,20.7,2,0,0,0,NA,NA,NA,NA,NA,2.1104,NA,NA,NA,NA
3812508,NA,202301,134,4,NA,6,68560,2,NA,24.4,2,0,0,0,NA,NA,NA,NA,NA,2.1104,NA,NA,NA,NA
3812153,NA,202301,134,4,NA,6,68560,2,NA,26.7,2,0,0,0,NA,NA,NA,NA,NA,2.1104,NA,NA,NA,NA
3812154,NA,202301,134,4,NA,6,68560,2,NA,45.3,2,0,0,0,NA,NA,NA,NA,NA,2.1104,NA,NA,NA,NA
3812155,NA,202301,134,4,NA,6,68560,2,NA,33.7,2,0,0,0,NA,NA,NA,NA,NA,2.1104,NA,NA,NA,NA
3812156,NA,202301,134,4,NA,6,68560,2,NA,44.8,2,0,0,0,NA,NA,NA,NA,NA,2.1104,NA,NA,NA,NA
3812157,NA,202301,134,4,NA,6,68560,2,NA,42,2,0,0,0,NA,NA,NA,NA,NA,2.1104,NA,NA,NA,NA
3812158,NA,202301,134,4,NA,6,68560,2,NA,29.4,2,0,0,0,NA,NA,NA,NA,NA,2.1104,NA,NA,NA,NA
3812159,NA,202301,134,4,NA,6,68560,2,NA,38.6,2,0,0,0,NA,NA,NA,NA,NA,2.1104,NA,NA,NA,NA
3812160,NA,202301,134,4,NA,6,68560,2,NA,24.3,2,0,0,0,NA,NA,NA,NA,NA,2.1104,NA,NA,NA,NA
3812161,NA,202301,134,4,NA,6,68560,2,NA,25.6,2,0,0,0,NA,NA,NA,NA,NA,2.1104,NA,NA,NA,NA
3812162,NA,202301,134,4,NA,6,68560,2,NA,22.7,2,0,0,0,NA,NA,NA,NA,NA,2.1104,NA,NA,NA,NA
3812163,NA,202301,134,4,NA,6,68560,2,NA,24.6,2,0,0,0,NA,NA,NA,NA,NA,2.1104,NA,NA,NA,NA
3812164,NA,202301,134,4,NA,6,68560,2,NA,22.6,2,0,0,0,NA,NA,NA,NA,NA,2.1104,NA,NA,NA,NA
3812165,NA,202301,134,4,NA,6,68560,2,NA,26.1,2,0,0,0,NA,NA,NA,NA,NA,2.1104,NA,NA,NA,NA
3812166,NA,202301,134,4,NA,6,68560,2,NA,26.2,2,0,0,0,NA,NA,NA,NA,NA,2.1104,NA,NA,NA,NA
3812167,NA,202301,134,4,NA,6,68560,2,NA,25.9,2,0,0,0,NA,NA,NA,NA,NA,2.1104,NA,NA,NA,NA
3812168,NA,202301,134,4,NA,6,68560,2,NA,29.5,2,0,0,0,NA,NA,NA,NA,NA,2.1104,NA,NA,NA,NA
3812169,NA,202301,134,4,NA,6,68560,2,NA,31.7,2,0,0,0,NA,NA,NA,NA,NA,2.1104,NA,NA,NA,NA
3812170,NA,202301,134,4,NA,6,68560,2,NA,21,2,0,0,0,NA,NA,NA,NA,NA,2.1104,NA,NA,NA,NA
3812171,NA,202301,134,4,NA,6,68560,2,NA,31.7,2,0,0,0,NA,NA,NA,NA,NA,2.1104,NA,NA,NA,NA
3812172,NA,202301,134,4,NA,6,68560,2,NA,22.6,2,0,0,0,NA,NA,NA,NA,NA,2.1104,NA,NA,NA,NA
3812173,NA,202301,134,4,NA,6,68560,2,NA,20.8,2,0,0,0,NA,NA,NA,NA,NA,2.1104,NA,NA,NA,NA
3812174,NA,202301,134,4,NA,6,68560,2,NA,32.7,2,0,0,0,NA,NA,NA,NA,NA,2.1104,NA,NA,NA,NA
3812175,NA,202301,134,4,NA,6,68560,2,NA,40.9,2,0,0,0,NA,NA,NA,NA,NA,2.1104,NA,NA,NA,NA
3812176,NA,202301,134,4,NA,6,68560,2,NA,22.9,2,0,0,0,NA,NA,NA,NA,NA,2.1104,NA,NA,NA,NA
3812177,NA,202301,134,4,NA,6,68560,2,NA,36.4,2,0,0,0,NA,NA,NA,NA,NA,2.1104,NA,NA,NA,NA
3812178,NA,202301,134,4,NA,6,68560,2,NA,24.7,2,0,0,0,NA,NA,NA,NA,NA,2.1104,NA,NA,NA,NA
3812179,NA,202301,134,4,NA,6,68560,2,NA,31.9,2,0,0,0,NA,NA,NA,NA,NA,2.1104,NA,NA,NA,NA
3812180,NA,202301,134,4,NA,6,68560,2,NA,34.9,2,0,0,0,NA,NA,NA,NA,NA,2.1104,NA,NA,NA,NA
3812181,NA,202301,134,4,NA,6,68560,2,NA,37.6,2,0,0,0,NA,NA,NA,NA,NA,2.1104,NA,NA,NA,NA
3812182,NA,202301,134,4,NA,6,68560,2,NA,25,2,0,0,0,NA,NA,NA,NA,NA,2.1104,NA,NA,NA,NA
3812183,NA,202301,134,4,NA,6,68560,2,NA,29.1,2,0,0,0,NA,NA,NA,NA,NA,2.1104,NA,NA,NA,NA
3812184,NA,202301,134,4,NA,6,68560,2,NA,34,2,0,0,0,NA,NA,NA,NA,NA,2.1104,NA,NA,NA,NA
3812185,NA,202301,134,4,NA,6,68560,1,NA,36.8,2,NA,NA,NA,NA,NA,NA,NA,NA,2.1104,NA,NA,NA,NA
3812186,NA,202301,134,4,NA,6,68560,1,NA,23.3,2,NA,NA,NA,NA,NA,NA,NA,NA,2.1104,NA,NA,NA,NA
3812187,NA,202301,134,4,NA,6,68560,1,NA,33.3,2,NA,NA,NA,NA,NA,NA,NA,NA,2.1104,NA,NA,NA,NA
3812188,NA,202301,134,4,NA,6,68560,1,NA,23.9,2,NA,NA,NA,NA,NA,NA,NA,NA,2.1104,NA,NA,NA,NA
3812189,NA,202301,134,4,NA,6,68560,1,NA,21.7,2,NA,NA,NA,NA,NA,NA,NA,NA,2.1104,NA,NA,NA,NA
3812190,NA,202301,134,4,NA,6,68560,1,NA,21.6,2,NA,NA,NA,NA,NA,NA,NA,NA,2.1104,NA,NA,NA,NA
3812191,NA,202301,134,4,NA,6,68560,1,NA,22.2,2,NA,NA,NA,NA,NA,NA,NA,NA,2.1104,NA,NA,NA,NA
3812192,NA,202301,134,4,NA,6,68560,1,NA,23.4,2,NA,NA,NA,NA,NA,NA,NA,NA,2.1104,NA,NA,NA,NA
3812193,NA,202301,134,4,NA,6,68560,1,NA,24.2,2,NA,NA,NA,NA,NA,NA,NA,NA,2.1104,NA,NA,NA,NA
3812194,NA,202301,134,4,NA,6,68560,1,NA,28.1,2,NA,NA,NA,NA,NA,NA,NA,NA,2.1104,NA,NA,NA,NA
3812195,NA,202301,134,4,NA,6,68560,1,NA,40.9,2,NA,NA,NA,NA,NA,NA,NA,NA,2.1104,NA,NA,NA,NA
3812196,NA,202301,134,4,NA,6,68560,1,NA,21.2,2,NA,NA,NA,NA,NA,NA,NA,NA,2.1104,NA,NA,NA,NA
3812197,NA,202301,134,4,NA,6,68560,1,NA,46.4,2,NA,NA,NA,NA,NA,NA,NA,NA,2.1104,NA,NA,NA,NA
3812198,NA,202301,134,4,NA,6,68560,1,NA,33.4,2,NA,NA,NA,NA,NA,NA,NA,NA,2.1104,NA,NA,NA,NA
3812199,NA,202301,134,4,NA,6,68560,1,NA,32.8,2,NA,NA,NA,NA,NA,NA,NA,NA,2.1104,NA,NA,NA,NA
3812200,NA,202301,134,4,NA,6,68560,1,NA,33.4,2,NA,NA,NA,NA,NA,NA,NA,NA,2.1104,NA,NA,NA,NA
3812201,NA,202301,134,4,NA,6,68560,1,NA,35.7,2,NA,NA,NA,NA,NA,NA,NA,NA,2.1104,NA,NA,NA,NA
3812202,NA,202301,134,4,NA,6,68560,1,NA,34.1,2,NA,NA,NA,NA,NA,NA,NA,NA,2.1104,NA,NA,NA,NA
3812237,NA,202301,134,4,NA,6,68560,1,NA,41.2,2,NA,NA,NA,NA,NA,NA,NA,NA,2.1104,NA,NA,NA,NA
3812238,NA,202301,134,4,NA,6,68560,1,NA,23.3,2,NA,NA,NA,NA,NA,NA,NA,NA,2.1104,NA,NA,NA,NA
3812239,NA,202301,134,4,NA,6,68560,1,NA,36,2,NA,NA,NA,NA,NA,NA,NA,NA,2.1104,NA,NA,NA,NA
3812240,NA,202301,134,4,NA,6,68560,1,NA,34.9,2,NA,NA,NA,NA,NA,NA,NA,NA,2.1104,NA,NA,NA,NA
3812241,NA,202301,134,4,NA,6,68560,1,NA,33.6,2,NA,NA,NA,NA,NA,NA,NA,NA,2.1104,NA,NA,NA,NA
3812242,NA,202301,134,4,NA,6,68560,1,NA,22.2,2,NA,NA,NA,NA,NA,NA,NA,NA,2.1104,NA,NA,NA,NA
3812243,NA,202301,134,4,NA,6,68560,1,NA,31.5,2,NA,NA,NA,NA,NA,NA,NA,NA,2.1104,NA,NA,NA,NA
3812244,NA,202301,134,4,NA,6,68560,1,NA,43.8,2,NA,NA,NA,NA,NA,NA,NA,NA,2.1104,NA,NA,NA,NA
3812245,NA,202301,134,4,NA,6,68560,1,NA,34.5,2,NA,NA,NA,NA,NA,NA,NA,NA,2.1104,NA,NA,NA,NA
3812246,NA,202301,134,4,NA,6,68560,1,NA,48.2,2,NA,NA,NA,NA,NA,NA,NA,NA,2.1104,NA,NA,NA,NA
3812247,NA,202301,134,4,NA,6,68560,1,NA,34.8,2,NA,NA,NA,NA,NA,NA,NA,NA,2.1104,NA,NA,NA,NA
3812248,NA,202301,134,4,NA,6,68560,1,NA,31,2,NA,NA,NA,NA,NA,NA,NA,NA,2.1104,NA,NA,NA,NA
3812249,NA,202301,134,4,NA,6,68560,1,NA,29.5,2,NA,NA,NA,NA,NA,NA,NA,NA,2.1104,NA,NA,NA,NA
3812250,NA,202301,134,4,NA,6,68560,1,NA,16.9,2,NA,NA,NA,NA,NA,NA,NA,NA,2.1104,NA,NA,NA,NA
3812251,NA,202301,134,4,NA,6,68560,1,NA,22.7,2,NA,NA,NA,NA,NA,NA,NA,NA,2.1104,NA,NA,NA,NA
3812252,NA,202301,134,4,NA,6,68560,1,NA,22.2,2,NA,NA,NA,NA,NA,NA,NA,NA,2.1104,NA,NA,NA,NA
3812253,NA,202301,134,4,NA,6,68560,1,NA,23.1,2,NA,NA,NA,NA,NA,NA,NA,NA,2.1104,NA,NA,NA,NA
3812254,NA,202301,134,4,NA,6,68560,1,NA,24,2,NA,NA,NA,NA,NA,NA,NA,NA,2.1104,NA,NA,NA,NA
3812255,NA,202301,134,4,NA,6,68560,1,NA,21.7,2,NA,NA,NA,NA,NA,NA,NA,NA,2.1104,NA,NA,NA,NA
3812256,NA,202301,134,4,NA,6,68560,1,NA,20.4,2,NA,NA,NA,NA,NA,NA,NA,NA,2.1104,NA,NA,NA,NA
3812257,NA,202301,134,4,NA,6,68560,1,NA,25.4,2,NA,NA,NA,NA,NA,NA,NA,NA,2.1104,NA,NA,NA,NA
3812258,NA,202301,134,4,NA,6,68560,1,NA,23.4,2,NA,NA,NA,NA,NA,NA,NA,NA,2.1104,NA,NA,NA,NA
3812259,NA,202301,134,4,NA,6,68560,1,NA,26.4,2,NA,NA,NA,NA,NA,NA,NA,NA,2.1104,NA,NA,NA,NA
3812260,NA,202301,134,4,NA,6,68560,1,NA,30,2,NA,NA,NA,NA,NA,NA,NA,NA,2.1104,NA,NA,NA,NA
3812261,NA,202301,134,4,NA,6,68560,1,NA,29.4,2,NA,NA,NA,NA,NA,NA,NA,NA,2.1104,NA,NA,NA,NA
3812262,NA,202301,134,4,NA,6,68560,1,NA,23.6,2,NA,NA,NA,NA,NA,NA,NA,NA,2.1104,NA,NA,NA,NA
3812263,NA,202301,134,4,NA,6,68560,1,NA,23.7,2,NA,NA,NA,NA,NA,NA,NA,NA,2.1104,NA,NA,NA,NA
3812264,NA,202301,134,4,NA,6,68560,1,NA,21.6,2,NA,NA,NA,NA,NA,NA,NA,NA,2.1104,NA,NA,NA,NA
3812265,NA,202301,134,4,NA,6,68560,1,NA,24.1,2,NA,NA,NA,NA,NA,NA,NA,NA,2.1104,NA,NA,NA,NA
3812266,NA,202301,134,4,NA,6,68560,1,NA,23.8,2,NA,NA,NA,NA,NA,NA,NA,NA,2.1104,NA,NA,NA,NA
3812267,NA,202301,134,4,NA,6,68560,1,NA,23.1,2,NA,NA,NA,NA,NA,NA,NA,NA,2.1104,NA,NA,NA,NA
3812268,NA,202301,134,4,NA,6,68560,1,NA,23.3,2,NA,NA,NA,NA,NA,NA,NA,NA,2.1104,NA,NA,NA,NA
3812269,NA,202301,134,4,NA,6,68560,1,NA,23.8,2,NA,NA,NA,NA,NA,NA,NA,NA,2.1104,NA,NA,NA,NA
3812270,NA,202301,134,4,NA,6,68560,1,NA,24,2,NA,NA,NA,NA,NA,NA,NA,NA,2.1104,NA,NA,NA,NA
3812509,NA,202301,134,4,NA,6,68560,2,NA,27.3,2,0,0,0,NA,NA,NA,NA,NA,2.1104,NA,NA,NA,NA
3812510,NA,202301,134,4,NA,6,68560,2,NA,41.4,2,0,0,0,NA,NA,NA,NA,NA,2.1104,NA,NA,NA,NA
3812511,NA,202301,134,4,NA,6,68560,2,NA,23.3,2,0,0,0,NA,NA,NA,NA,NA,2.1104,NA,NA,NA,NA
3812512,NA,202301,134,4,NA,6,68560,2,NA,22.4,2,0,0,0,NA,NA,NA,NA,NA,2.1104,NA,NA,NA,NA
3812513,NA,202301,134,4,NA,6,68560,2,NA,34.4,2,0,0,0,NA,NA,NA,NA,NA,2.1104,NA,NA,NA,NA
3812514,NA,202301,134,4,NA,6,68560,2,NA,21.9,2,0,0,0,NA,NA,NA,NA,NA,2.1104,NA,NA,NA,NA
3812515,NA,202301,134,4,NA,6,68560,2,NA,23,2,0,0,0,NA,NA,NA,NA,NA,2.1104,NA,NA,NA,NA
3812516,NA,202301,134,4,NA,6,68560,2,NA,27.1,2,0,0,0,NA,NA,NA,NA,NA,2.1104,NA,NA,NA,NA
3812517,NA,202301,134,4,NA,6,68560,2,NA,24,2,0,0,0,NA,NA,NA,NA,NA,2.1104,NA,NA,NA,NA
3812518,NA,202301,134,4,NA,6,68560,2,NA,24.1,2,0,0,0,NA,NA,NA,NA,NA,2.1104,NA,NA,NA,NA
3812519,NA,202301,134,4,NA,6,68560,1,NA,21.8,2,NA,NA,NA,NA,NA,NA,NA,NA,2.1104,NA,NA,NA,NA
3812520,NA,202301,134,4,NA,6,68560,1,NA,22.8,2,NA,NA,NA,NA,NA,NA,NA,NA,2.1104,NA,NA,NA,NA
3812521,NA,202301,134,4,NA,6,68560,1,NA,19.8,2,NA,NA,NA,NA,NA,NA,NA,NA,2.1104,NA,NA,NA,NA
3812522,NA,202301,134,4,NA,6,68560,1,NA,22.3,2,NA,NA,NA,NA,NA,NA,NA,NA,2.1104,NA,NA,NA,NA
3812523,NA,202301,134,4,NA,6,68560,1,NA,24,2,NA,NA,NA,NA,NA,NA,NA,NA,2.1104,NA,NA,NA,NA
3812524,NA,202301,134,4,NA,6,68560,1,NA,21.2,2,NA,NA,NA,NA,NA,NA,NA,NA,2.1104,NA,NA,NA,NA
3812525,NA,202301,134,4,NA,6,68560,1,NA,23.5,2,NA,NA,NA,NA,NA,NA,NA,NA,2.1104,NA,NA,NA,NA
3812526,NA,202301,134,4,NA,6,68560,1,NA,25.8,2,NA,NA,NA,NA,NA,NA,NA,NA,2.1104,NA,NA,NA,NA
3812527,NA,202301,134,4,NA,6,68560,1,NA,25.3,2,NA,NA,NA,NA,NA,NA,NA,NA,2.1104,NA,NA,NA,NA
3812528,NA,202301,134,4,NA,6,68560,1,NA,24.4,2,NA,NA,NA,NA,NA,NA,NA,NA,2.1104,NA,NA,NA,NA
3812529,NA,202301,134,4,NA,6,68560,1,NA,25.9,2,NA,NA,NA,NA,NA,NA,NA,NA,2.1104,NA,NA,NA,NA
3812530,NA,202301,134,4,NA,6,68560,1,NA,22.3,2,NA,NA,NA,NA,NA,NA,NA,NA,2.1104,NA,NA,NA,NA
3812531,NA,202301,134,4,NA,6,68560,1,NA,21,2,NA,NA,NA,NA,NA,NA,NA,NA,2.1104,NA,NA,NA,NA
3812532,NA,202301,134,4,NA,6,68560,1,NA,21.5,2,NA,NA,NA,NA,NA,NA,NA,NA,2.1104,NA,NA,NA,NA
3812533,NA,202301,134,4,NA,6,68560,1,NA,21.3,2,NA,NA,NA,NA,NA,NA,NA,NA,2.1104,NA,NA,NA,NA
3812534,NA,202301,134,4,NA,6,68560,1,NA,25.8,2,NA,NA,NA,NA,NA,NA,NA,NA,2.1104,NA,NA,NA,NA
3812535,NA,202301,134,4,NA,6,68560,1,NA,17.1,2,NA,NA,NA,NA,NA,NA,NA,NA,2.1104,NA,NA,NA,NA
3812536,NA,202301,134,5,NA,1,69310,1,180.1,NA,2,NA,NA,NA,NA,NA,NA,NA,NA,1,NA,NA,NA,NA
3812537,NA,202301,134,5,NA,6,68560,2,NA,67.3,2,4,1,6,NA,NA,NA,NA,NA,1,NA,NA,NA,NA
3812538,NA,202301,134,5,NA,6,68560,2,NA,65.2,2,4,1,6,NA,NA,NA,NA,NA,1,NA,NA,NA,NA
3812539,NA,202301,134,5,NA,6,68560,2,NA,53.5,2,4,1,5,NA,NA,NA,NA,NA,1,NA,NA,NA,NA
3812540,NA,202301,134,5,NA,6,68560,2,NA,48.4,3,4,1,5,NA,NA,NA,NA,NA,1,NA,NA,NA,NA
3812541,NA,202301,134,5,NA,6,68560,2,NA,56.8,3,4,1,6,NA,NA,NA,NA,NA,1,NA,NA,NA,NA
3812542,NA,202301,134,5,NA,6,68560,2,NA,69.6,3,4,1,6,NA,NA,NA,NA,NA,1,NA,NA,NA,NA
3812543,NA,202301,134,5,NA,6,68560,2,NA,88.8,3,4,1,6,NA,NA,NA,NA,NA,1,NA,NA,NA,NA
3812544,NA,202301,134,5,NA,6,68560,2,NA,41.2,1,0,0,0,NA,NA,NA,NA,NA,1.5642,NA,NA,NA,NA
3812545,NA,202301,134,5,NA,6,68560,2,NA,28.1,2,0,0,0,NA,NA,NA,NA,NA,1.5642,NA,NA,NA,NA
3812546,NA,202301,134,5,NA,6,68560,2,NA,30.3,2,0,0,0,NA,NA,NA,NA,NA,1.5642,NA,NA,NA,NA
3812547,NA,202301,134,5,NA,6,68560,2,NA,25.3,2,0,0,0,NA,NA,NA,NA,NA,1.5642,NA,NA,NA,NA
3812548,NA,202301,134,5,NA,6,68560,2,NA,23.9,2,0,0,0,NA,NA,NA,NA,NA,1.5642,NA,NA,NA,NA
3812549,NA,202301,134,5,NA,6,68560,2,NA,20.8,2,0,0,0,NA,NA,NA,NA,NA,1.5642,NA,NA,NA,NA
3812550,NA,202301,134,5,NA,6,68560,2,NA,13.2,2,0,0,0,NA,NA,NA,NA,NA,1.5642,NA,NA,NA,NA
3812551,NA,202301,134,5,NA,6,68560,2,NA,30.2,2,0,0,0,NA,NA,NA,NA,NA,1.5642,NA,NA,NA,NA
3812552,NA,202301,134,5,NA,6,68560,1,NA,29.6,2,NA,NA,NA,NA,NA,NA,NA,NA,1.5642,NA,NA,NA,NA
3812553,NA,202301,134,5,NA,6,68560,1,NA,30.9,2,NA,NA,NA,NA,NA,NA,NA,NA,1.5642,NA,NA,NA,NA
3812554,NA,202301,134,5,NA,6,68560,1,NA,26.1,2,NA,NA,NA,NA,NA,NA,NA,NA,1.5642,NA,NA,NA,NA
3812555,NA,202301,134,5,NA,6,68560,1,NA,26.8,2,NA,NA,NA,NA,NA,NA,NA,NA,1.5642,NA,NA,NA,NA
3812556,NA,202301,134,5,NA,6,68560,1,NA,31.2,2,NA,NA,NA,NA,NA,NA,NA,NA,1.5642,NA,NA,NA,NA
3812557,NA,202301,134,5,NA,6,68560,1,NA,25.3,2,NA,NA,NA,NA,NA,NA,NA,NA,1.5642,NA,NA,NA,NA
3812558,NA,202301,134,5,NA,6,68560,1,NA,30.4,2,NA,NA,NA,NA,NA,NA,NA,NA,1.5642,NA,NA,NA,NA
3812559,NA,202301,134,5,NA,6,68560,1,NA,31.3,2,NA,NA,NA,NA,NA,NA,NA,NA,1.5642,NA,NA,NA,NA
3812560,NA,202301,134,5,NA,6,68560,1,NA,25,2,NA,NA,NA,NA,NA,NA,NA,NA,1.5642,NA,NA,NA,NA
3812561,NA,202301,134,5,NA,6,68560,1,NA,29.5,2,NA,NA,NA,NA,NA,NA,NA,NA,1.5642,NA,NA,NA,NA
3812562,NA,202301,134,5,NA,6,68560,1,NA,36.9,2,NA,NA,NA,NA,NA,NA,NA,NA,1.5642,NA,NA,NA,NA
3812563,NA,202301,134,5,NA,6,68560,1,NA,32.7,2,NA,NA,NA,NA,NA,NA,NA,NA,1.5642,NA,NA,NA,NA
3812564,NA,202301,134,5,NA,6,68560,1,NA,25.3,2,NA,NA,NA,NA,NA,NA,NA,NA,1.5642,NA,NA,NA,NA
3812565,NA,202301,134,6,NA,6,68560,1,NA,24.3,2,NA,NA,NA,NA,NA,NA,NA,NA,1,NA,NA,NA,NA
3812566,NA,202301,134,6,NA,6,68560,1,NA,14.9,2,NA,NA,NA,NA,NA,NA,NA,NA,1,NA,NA,NA,NA
3812567,NA,202301,134,6,NA,6,68560,1,NA,16.6,2,NA,NA,NA,NA,NA,NA,NA,NA,1,NA,NA,NA,NA
3812568,NA,202301,134,6,NA,6,68560,2,NA,27.9,2,0,0,0,NA,NA,NA,NA,NA,1,NA,NA,NA,NA
3812627,-22163,202301,134,21,"F-11",6,68560,1,NA,122.2,3,NA,NA,NA,590,NA,NA,NA,NA,1,25.2,NA,NA,"F-11"
3812628,-22163,202301,134,21,"F-11",6,68560,1,NA,42.9,2,NA,NA,NA,NA,NA,NA,NA,NA,1,NA,NA,NA,"F-11"
3812629,-22163,202301,134,21,"F-11",6,68560,1,NA,34.1,2,NA,NA,NA,NA,NA,NA,NA,NA,1,NA,NA,NA,"F-11"
3812631,-22163,202301,134,21,"F-11",6,68560,1,NA,53,2,NA,NA,NA,NA,NA,NA,NA,NA,1,NA,NA,NA,"F-11"
3813031,-22163,202301,134,21,"F-11",6,68560,1,NA,63.3,2,NA,NA,NA,66,NA,NA,NA,NA,1,7.8,NA,NA,"F-11"
3813032,-22163,202301,134,21,"F-11",6,68560,1,NA,98.1,2,NA,NA,NA,262,NA,NA,NA,NA,1,14.3,NA,NA,"F-11"
3813033,-22163,202301,134,21,"F-11",6,68560,1,NA,55.5,2,NA,NA,NA,NA,NA,NA,NA,NA,1,6.9,NA,NA,"F-11"
3813034,-22163,202301,134,21,"F-11",6,68560,1,NA,111.2,2,NA,NA,NA,NA,NA,NA,NA,NA,1,19.4,NA,NA,"F-11"
3813297,NA,202301,134,5,NA,6,68560,2,NA,26.9,2,0,0,0,NA,NA,NA,NA,NA,1.5642,NA,NA,NA,NA
3813298,NA,202301,134,5,NA,6,68560,2,NA,25.1,2,0,0,0,NA,NA,NA,NA,NA,1.5642,NA,NA,NA,NA
3813299,NA,202301,134,5,NA,6,68560,2,NA,34.3,2,0,0,0,NA,NA,NA,NA,NA,1.5642,NA,NA,NA,NA
3813300,NA,202301,134,5,NA,6,68560,2,NA,31.9,2,0,0,0,NA,NA,NA,NA,NA,1.5642,NA,NA,NA,NA
3813301,NA,202301,134,5,NA,6,68560,2,NA,28.8,2,0,0,0,NA,NA,NA,NA,NA,1.5642,NA,NA,NA,NA
3813302,NA,202301,134,5,NA,6,68560,2,NA,39.2,2,0,0,0,NA,NA,NA,NA,NA,1.5642,NA,NA,NA,NA
3813303,NA,202301,134,5,NA,6,68560,2,NA,44.1,2,0,0,0,NA,NA,NA,NA,NA,1.5642,NA,NA,NA,NA
3813304,NA,202301,134,5,NA,6,68560,2,NA,15,2,0,0,0,NA,NA,NA,NA,NA,1.5642,NA,NA,NA,NA
3813305,NA,202301,134,5,NA,6,68560,2,NA,32,2,0,0,0,NA,NA,NA,NA,NA,1.5642,NA,NA,NA,NA
3813306,NA,202301,134,5,NA,6,68560,2,NA,26.2,2,0,0,0,NA,NA,NA,NA,NA,1.5642,NA,NA,NA,NA
3813307,NA,202301,134,5,NA,6,68560,2,NA,25.8,2,0,0,0,NA,NA,NA,NA,NA,1.5642,NA,NA,NA,NA
3813308,NA,202301,134,5,NA,6,68560,2,NA,30.4,2,0,0,0,NA,NA,NA,NA,NA,1.5642,NA,NA,NA,NA
3813343,NA,202301,134,5,NA,6,68560,2,NA,30.9,2,0,0,0,NA,NA,NA,NA,NA,1.5642,NA,NA,NA,NA
3813344,NA,202301,134,5,NA,6,68560,2,NA,22.5,2,0,0,0,NA,NA,NA,NA,NA,1.5642,NA,NA,NA,NA
3813345,NA,202301,134,5,NA,6,68560,2,NA,31.1,2,0,0,0,NA,NA,NA,NA,NA,1.5642,NA,NA,NA,NA
3813346,NA,202301,134,5,NA,6,68560,2,NA,33.2,2,0,0,0,NA,NA,NA,NA,NA,1.5642,NA,NA,NA,NA
3813347,NA,202301,134,5,NA,6,68560,2,NA,27.4,2,0,0,0,NA,NA,NA,NA,NA,1.5642,NA,NA,NA,NA
3813348,NA,202301,134,5,NA,6,68560,2,NA,30.5,2,0,0,0,NA,NA,NA,NA,NA,1.5642,NA,NA,NA,NA
3813349,NA,202301,134,5,NA,6,68560,2,NA,22.3,2,0,0,0,NA,NA,NA,NA,NA,1.5642,NA,NA,NA,NA
3813350,NA,202301,134,5,NA,6,68560,2,NA,36.4,2,0,0,0,NA,NA,NA,NA,NA,1.5642,NA,NA,NA,NA
3813351,NA,202301,134,5,NA,6,68560,2,NA,32,2,0,0,0,NA,NA,NA,NA,NA,1.5642,NA,NA,NA,NA
3813352,NA,202301,134,5,NA,6,68560,2,NA,32.7,2,0,0,0,NA,NA,NA,NA,NA,1.5642,NA,NA,NA,NA
3813353,NA,202301,134,5,NA,6,68560,2,NA,24.7,2,0,0,0,NA,NA,NA,NA,NA,1.5642,NA,NA,NA,NA
3813354,NA,202301,134,5,NA,6,68560,2,NA,25.1,2,0,0,0,NA,NA,NA,NA,NA,1.5642,NA,NA,NA,NA
3813355,NA,202301,134,5,NA,6,68560,2,NA,27.3,2,0,0,0,NA,NA,NA,NA,NA,1.5642,NA,NA,NA,NA
3813356,NA,202301,134,5,NA,6,68560,2,NA,29.4,2,0,0,0,NA,NA,NA,NA,NA,1.5642,NA,NA,NA,NA
3813357,NA,202301,134,5,NA,6,68560,2,NA,33.3,2,0,0,0,NA,NA,NA,NA,NA,1.5642,NA,NA,NA,NA
3813358,NA,202301,134,5,NA,6,68560,2,NA,31.2,2,0,0,0,NA,NA,NA,NA,NA,1.5642,NA,NA,NA,NA
3813359,NA,202301,134,5,NA,6,68560,2,NA,29.7,2,0,0,0,NA,NA,NA,NA,NA,1.5642,NA,NA,NA,NA
3813360,NA,202301,134,5,NA,6,68560,2,NA,35.5,2,0,0,0,NA,NA,NA,NA,NA,1.5642,NA,NA,NA,NA
3813361,NA,202301,134,5,NA,6,68560,2,NA,24,2,0,0,0,NA,NA,NA,NA,NA,1.5642,NA,NA,NA,NA
3813362,NA,202301,134,5,NA,6,68560,2,NA,30.6,2,0,0,0,NA,NA,NA,NA,NA,1.5642,NA,NA,NA,NA
3813363,NA,202301,134,5,NA,6,68560,2,NA,29.2,2,0,0,0,NA,NA,NA,NA,NA,1.5642,NA,NA,NA,NA
3813364,NA,202301,134,5,NA,6,68560,2,NA,20.3,2,0,0,0,NA,NA,NA,NA,NA,1.5642,NA,NA,NA,NA
3813365,NA,202301,134,5,NA,6,68560,2,NA,33.9,2,0,0,0,NA,NA,NA,NA,NA,1.5642,NA,NA,NA,NA
3813366,NA,202301,134,5,NA,6,68560,2,NA,23.7,2,0,0,0,NA,NA,NA,NA,NA,1.5642,NA,NA,NA,NA
3813367,NA,202301,134,5,NA,6,68560,2,NA,33.4,2,0,0,0,NA,NA,NA,NA,NA,1.5642,NA,NA,NA,NA
3813368,NA,202301,134,5,NA,6,68560,2,NA,28.6,2,0,0,0,NA,NA,NA,NA,NA,1.5642,NA,NA,NA,NA
3813369,NA,202301,134,5,NA,6,68560,2,NA,29,2,0,0,0,NA,NA,NA,NA,NA,1.5642,NA,NA,NA,NA
3813370,NA,202301,134,5,NA,6,68560,2,NA,23.9,2,0,0,0,NA,NA,NA,NA,NA,1.5642,NA,NA,NA,NA
3813371,NA,202301,134,5,NA,6,68560,2,NA,28.7,2,0,0,0,NA,NA,NA,NA,NA,1.5642,NA,NA,NA,NA
3813372,NA,202301,134,5,NA,6,68560,2,NA,31.2,2,0,0,0,NA,NA,NA,NA,NA,1.5642,NA,NA,NA,NA
3813373,NA,202301,134,5,NA,6,68560,2,NA,31.4,2,0,0,0,NA,NA,NA,NA,NA,1.5642,NA,NA,NA,NA
3813374,NA,202301,134,5,NA,6,68560,2,NA,21.4,2,0,0,0,NA,NA,NA,NA,NA,1.5642,NA,NA,NA,NA
3813375,NA,202301,134,5,NA,6,68560,2,NA,24.9,2,0,0,0,NA,NA,NA,NA,NA,1.5642,NA,NA,NA,NA
3813376,NA,202301,134,5,NA,6,68560,2,NA,23.1,2,0,0,0,NA,NA,NA,NA,NA,1.5642,NA,NA,NA,NA
3813377,NA,202301,134,5,NA,6,68560,2,NA,25.9,2,0,0,0,NA,NA,NA,NA,NA,1.5642,NA,NA,NA,NA
3813378,NA,202301,134,5,NA,6,68560,2,NA,29.8,2,0,0,0,NA,NA,NA,NA,NA,1.5642,NA,NA,NA,NA
3813379,NA,202301,134,5,NA,6,68560,1,NA,23.4,2,NA,NA,NA,NA,NA,NA,NA,NA,1.5642,NA,NA,NA,NA
3813380,NA,202301,134,5,NA,6,68560,1,NA,23.8,2,NA,NA,NA,NA,NA,NA,NA,NA,1.5642,NA,NA,NA,NA
3813381,NA,202301,134,5,NA,6,68560,1,NA,25.7,2,NA,NA,NA,NA,NA,NA,NA,NA,1.5642,NA,NA,NA,NA
3813382,NA,202301,134,5,NA,6,68560,1,NA,18.9,2,NA,NA,NA,NA,NA,NA,NA,NA,1.5642,NA,NA,NA,NA
3813383,NA,202301,134,5,NA,6,68560,1,NA,28.6,2,NA,NA,NA,NA,NA,NA,NA,NA,1.5642,NA,NA,NA,NA
3813384,NA,202301,134,5,NA,6,68560,1,NA,25.2,2,NA,NA,NA,NA,NA,NA,NA,NA,1.5642,NA,NA,NA,NA
3813385,NA,202301,134,5,NA,6,68560,1,NA,22.9,2,NA,NA,NA,NA,NA,NA,NA,NA,1.5642,NA,NA,NA,NA
3813386,NA,202301,134,5,NA,6,68560,1,NA,24.3,2,NA,NA,NA,NA,NA,NA,NA,NA,1.5642,NA,NA,NA,NA
3813387,NA,202301,134,5,NA,6,68560,1,NA,30.9,2,NA,NA,NA,NA,NA,NA,NA,NA,1.5642,NA,NA,NA,NA
3813388,NA,202301,134,5,NA,6,68560,1,NA,31.3,2,NA,NA,NA,NA,NA,NA,NA,NA,1.5642,NA,NA,NA,NA
3813389,NA,202301,134,5,NA,6,68560,1,NA,23,2,NA,NA,NA,NA,NA,NA,NA,NA,1.5642,NA,NA,NA,NA
3813390,NA,202301,134,5,NA,6,68560,1,NA,24.3,2,NA,NA,NA,NA,NA,NA,NA,NA,1.5642,NA,NA,NA,NA
3813391,NA,202301,134,5,NA,6,68560,1,NA,26.3,2,NA,NA,NA,NA,NA,NA,NA,NA,1.5642,NA,NA,NA,NA
3813392,NA,202301,134,5,NA,6,68560,1,NA,30.5,2,NA,NA,NA,NA,NA,NA,NA,NA,1.5642,NA,NA,NA,NA
3813393,NA,202301,134,5,NA,6,68560,1,NA,33.5,2,NA,NA,NA,NA,NA,NA,NA,NA,1.5642,NA,NA,NA,NA
3813394,NA,202301,134,5,NA,6,68560,1,NA,27.7,2,NA,NA,NA,NA,NA,NA,NA,NA,1.5642,NA,NA,NA,NA
3813395,NA,202301,134,5,NA,6,68560,1,NA,32.5,2,NA,NA,NA,NA,NA,NA,NA,NA,1.5642,NA,NA,NA,NA
3813396,NA,202301,134,5,NA,6,68560,1,NA,24.2,2,NA,NA,NA,NA,NA,NA,NA,NA,1.5642,NA,NA,NA,NA
3813397,NA,202301,134,5,NA,6,68560,1,NA,26.7,2,NA,NA,NA,NA,NA,NA,NA,NA,1.5642,NA,NA,NA,NA
3813398,NA,202301,134,5,NA,6,68560,1,NA,30.1,2,NA,NA,NA,NA,NA,NA,NA,NA,1.5642,NA,NA,NA,NA
3813399,NA,202301,134,5,NA,6,68560,1,NA,25.8,2,NA,NA,NA,NA,NA,NA,NA,NA,1.5642,NA,NA,NA,NA
3813400,NA,202301,134,5,NA,6,68560,1,NA,33.1,2,NA,NA,NA,NA,NA,NA,NA,NA,1.5642,NA,NA,NA,NA
3813401,NA,202301,134,5,NA,6,68560,1,NA,22.5,2,NA,NA,NA,NA,NA,NA,NA,NA,1.5642,NA,NA,NA,NA
3813402,NA,202301,134,5,NA,6,68560,1,NA,30,2,NA,NA,NA,NA,NA,NA,NA,NA,1.5642,NA,NA,NA,NA
3813403,NA,202301,134,5,NA,6,68560,1,NA,36.1,2,NA,NA,NA,NA,NA,NA,NA,NA,1.5642,NA,NA,NA,NA
3813404,NA,202301,134,5,NA,6,68560,1,NA,33.7,2,NA,NA,NA,NA,NA,NA,NA,NA,1.5642,NA,NA,NA,NA
3813405,NA,202301,134,5,NA,6,68560,1,NA,27.8,2,NA,NA,NA,NA,NA,NA,NA,NA,1.5642,NA,NA,NA,NA
3813406,NA,202301,134,5,NA,6,68560,1,NA,22.4,2,NA,NA,NA,NA,NA,NA,NA,NA,1.5642,NA,NA,NA,NA
3813407,NA,202301,134,5,NA,6,68560,1,NA,44.5,2,NA,NA,NA,NA,NA,NA,NA,NA,1.5642,NA,NA,NA,NA
3813408,NA,202301,134,5,NA,6,68560,1,NA,22.2,2,NA,NA,NA,NA,NA,NA,NA,NA,1.5642,NA,NA,NA,NA
3813409,NA,202301,134,5,NA,6,68560,1,NA,34.6,2,NA,NA,NA,NA,NA,NA,NA,NA,1.5642,NA,NA,NA,NA
3813410,NA,202301,134,5,NA,6,68560,1,NA,24.9,2,NA,NA,NA,NA,NA,NA,NA,NA,1.5642,NA,NA,NA,NA
3813411,NA,202301,134,5,NA,6,68560,1,NA,22.5,2,NA,NA,NA,NA,NA,NA,NA,NA,1.5642,NA,NA,NA,NA
3813412,NA,202301,134,5,NA,6,68560,1,NA,30.8,2,NA,NA,NA,NA,NA,NA,NA,NA,1.5642,NA,NA,NA,NA
3813413,NA,202301,134,5,NA,6,68560,1,NA,27.4,2,NA,NA,NA,NA,NA,NA,NA,NA,1.5642,NA,NA,NA,NA
3813414,NA,202301,134,5,NA,6,68560,1,NA,25.6,2,NA,NA,NA,NA,NA,NA,NA,NA,1.5642,NA,NA,NA,NA
3813415,NA,202301,134,5,NA,6,68560,1,NA,26.4,2,NA,NA,NA,NA,NA,NA,NA,NA,1.5642,NA,NA,NA,NA
3813416,NA,202301,134,5,NA,6,68560,1,NA,22.4,2,NA,NA,NA,NA,NA,NA,NA,NA,1.5642,NA,NA,NA,NA
3813417,NA,202301,134,5,NA,6,68560,1,NA,32.1,2,NA,NA,NA,NA,NA,NA,NA,NA,1.5642,NA,NA,NA,NA
3813418,NA,202301,134,5,NA,6,68560,1,NA,29.9,2,NA,NA,NA,NA,NA,NA,NA,NA,1.5642,NA,NA,NA,NA
3813419,NA,202301,134,5,NA,6,68560,1,NA,29.3,2,NA,NA,NA,NA,NA,NA,NA,NA,1.5642,NA,NA,NA,NA
3813420,NA,202301,134,5,NA,6,68560,1,NA,23,2,NA,NA,NA,NA,NA,NA,NA,NA,1.5642,NA,NA,NA,NA
3813421,NA,202301,134,5,NA,6,68560,1,NA,30.2,2,NA,NA,NA,NA,NA,NA,NA,NA,1.5642,NA,NA,NA,NA
3813422,NA,202301,134,5,NA,6,68560,1,NA,18.7,2,NA,NA,NA,NA,NA,NA,NA,NA,1.5642,NA,NA,NA,NA
3813423,NA,202301,134,5,NA,6,68560,1,NA,39.7,2,NA,NA,NA,NA,NA,NA,NA,NA,1.5642,NA,NA,NA,NA
3813424,NA,202301,134,5,NA,6,68560,1,NA,31,2,NA,NA,NA,NA,NA,NA,NA,NA,1.5642,NA,NA,NA,NA
3813425,NA,202301,134,5,NA,6,68560,1,NA,40.2,2,NA,NA,NA,NA,NA,NA,NA,NA,1.5642,NA,NA,NA,NA
3813426,NA,202301,134,5,NA,6,68560,1,NA,36.9,2,NA,NA,NA,NA,NA,NA,NA,NA,1.5642,NA,NA,NA,NA
3813427,NA,202301,134,5,NA,6,68560,1,NA,30.5,2,NA,NA,NA,NA,NA,NA,NA,NA,1.5642,NA,NA,NA,NA
3811716,-22163,202301,134,21,"F-11",2,69322,1,100.3,NA,2,NA,NA,NA,NA,NA,NA,NA,NA,1,NA,NA,NA,"F-11"
3811724,-22163,202301,134,21,"F-11",2,69322,1,117.4,NA,2,NA,NA,NA,1376,NA,NA,NA,NA,1,NA,NA,NA,"F-11"
3811732,-22163,202301,134,21,"F-11",2,69322,2,110.5,NA,2,2,1,5,1098,NA,NA,NA,NA,1,NA,NA,NA,"F-11"
3811741,-22163,202301,134,21,"F-11",2,69322,2,100.7,NA,2,2,1,5,NA,NA,NA,NA,NA,1,NA,NA,NA,"F-11"
3811749,-22163,202301,134,21,"F-11",2,69322,2,105,NA,2,2,1,5,NA,NA,NA,NA,NA,1,NA,NA,NA,"F-11"
3811757,-22163,202301,134,21,"F-11",2,69322,2,104.6,NA,2,2,1,5,NA,NA,NA,NA,NA,1,NA,NA,NA,"F-11"
3811875,-22181,202301,134,24,"E-11",2,69322,2,149.3,NA,2,2,1,6,NA,NA,NA,NA,NA,1,NA,NA,NA,"E-11"
3811883,-22181,202301,134,24,"E-11",2,69322,2,112.1,NA,2,2,1,5,1030,NA,NA,NA,NA,1,NA,NA,NA,"E-11"
3812364,-22163,202301,134,21,"F-11",6,68560,2,NA,50.6,2,0,0,0,32,NA,NA,NA,NA,1,NA,NA,NA,"F-11"
3812408,-22181,202301,134,24,"E-11",6,68560,1,NA,110.9,2,NA,NA,NA,398,NA,NA,NA,NA,1,18.9,NA,NA,"E-11"
3812630,-22163,202301,134,21,"F-11",6,68560,1,NA,32.6,2,NA,NA,NA,NA,NA,NA,NA,NA,1,NA,NA,NA,"F-11"
3813030,-22163,202301,134,21,"F-11",6,68560,1,NA,59.1,2,NA,NA,NA,56,NA,NA,NA,NA,1,7.3,NA,NA,"F-11"
3793453,NA,202301,162,18,NA,NA,68550,1,NA,148,2,NA,NA,NA,NA,NA,NA,NA,NA,1,NA,NA,NA,NA
3793454,NA,202301,162,18,NA,NA,68550,1,NA,140.9,2,NA,NA,NA,NA,NA,NA,NA,NA,1,NA,NA,NA,NA
3793455,NA,202301,162,20,NA,6,68560,1,NA,88.9,2,NA,NA,NA,NA,NA,NA,NA,NA,1,NA,NA,NA,NA
3793456,NA,202301,162,20,NA,6,68560,1,NA,103.1,2,NA,NA,NA,NA,NA,NA,NA,NA,1,NA,NA,NA,NA
3793457,NA,202301,162,20,NA,6,68560,2,NA,35,2,0,0,0,NA,NA,NA,NA,NA,1,NA,NA,NA,NA
3793458,NA,202301,162,20,NA,6,68560,2,NA,76.7,3,3,2,2,NA,NA,NA,NA,NA,1,NA,NA,NA,NA
3793459,NA,202301,162,20,NA,6,68560,2,NA,76.1,2,4,1,5,NA,NA,NA,NA,NA,1,NA,NA,NA,NA
3793460,NA,202301,162,20,NA,6,68560,2,NA,51.5,1,0,0,1,NA,NA,NA,NA,NA,1,NA,NA,NA,NA
3793461,NA,202301,162,20,NA,6,68560,2,NA,56.4,0,0,0,0,NA,NA,NA,NA,NA,1,NA,NA,NA,NA
3793462,NA,202301,162,20,NA,6,68560,2,NA,58,0,0,0,0,NA,NA,NA,NA,NA,1,NA,NA,NA,NA
3793463,NA,202301,162,20,NA,6,68560,2,NA,66.5,2,0,0,0,NA,NA,NA,NA,NA,1,NA,NA,NA,NA
3793464,NA,202301,162,20,NA,6,68560,2,NA,48.3,2,0,0,0,NA,NA,NA,NA,NA,1,NA,NA,NA,NA
3793465,NA,202301,162,20,NA,6,68560,2,NA,50.9,2,0,0,0,NA,NA,NA,NA,NA,1,NA,NA,NA,NA
3793466,NA,202301,162,20,NA,6,68560,2,NA,39.1,2,0,0,0,NA,NA,NA,NA,NA,1,NA,NA,NA,NA
3793467,NA,202301,162,20,NA,6,68560,2,NA,46.4,2,0,0,0,NA,NA,NA,NA,NA,1,NA,NA,NA,NA
3793468,NA,202301,162,20,NA,6,68560,2,NA,44.8,2,0,0,0,NA,NA,NA,NA,NA,1,NA,NA,NA,NA
3793469,-22123,202301,162,25,"E-12",2,69322,2,133.1,NA,2,2,1,5,NA,NA,NA,NA,NA,1,NA,NA,NA,"E-12"
3793470,-22123,202301,162,25,"E-12",2,69322,2,119.3,NA,2,2,1,5,NA,NA,NA,NA,NA,1,NA,NA,NA,"E-12"
3793471,-22123,202301,162,25,"E-12",2,69322,2,111.6,NA,2,2,1,5,NA,NA,NA,NA,NA,1,NA,NA,NA,"E-12"
3793472,-22123,202301,162,25,"E-12",2,69322,2,114.1,NA,2,2,1,5,NA,NA,NA,NA,NA,1,NA,NA,NA,"E-12"
3793473,-22123,202301,162,25,"E-12",2,69322,2,145,NA,2,2,1,5,NA,NA,NA,NA,NA,1,NA,NA,NA,"E-12"
3793474,-22123,202301,162,25,"E-12",2,69322,2,123.9,NA,2,2,1,5,NA,NA,NA,NA,NA,1,NA,NA,NA,"E-12"
3793475,-22123,202301,162,25,"E-12",2,69322,2,115.1,NA,2,2,1,5,NA,NA,NA,NA,NA,1,NA,NA,NA,"E-12"
3793476,-22123,202301,162,25,"E-12",2,69322,2,138,NA,2,2,1,5,NA,NA,NA,NA,NA,1,NA,NA,NA,"E-12"
3793477,-22123,202301,162,25,"E-12",2,69322,2,124.6,NA,2,2,1,5,NA,NA,NA,NA,NA,1,NA,NA,NA,"E-12"
3793478,-22123,202301,162,25,"E-12",2,69322,2,115.3,NA,2,2,1,5,NA,NA,NA,NA,NA,1,NA,NA,NA,"E-12"
3793479,-22123,202301,162,25,"E-12",2,69322,2,107.3,NA,2,2,1,5,NA,NA,NA,NA,NA,1,NA,NA,NA,"E-12"
3793480,-22123,202301,162,25,"E-12",2,69322,2,113.5,NA,2,2,1,5,NA,NA,NA,NA,NA,1,NA,NA,NA,"E-12"
3793481,-22123,202301,162,25,"E-12",2,69322,2,110,NA,2,3,1,5,NA,NA,NA,NA,NA,1,NA,NA,NA,"E-12"
3793482,-22123,202301,162,25,"E-12",2,69322,2,104.8,NA,2,2,1,5,NA,NA,NA,NA,NA,1,NA,NA,NA,"E-12"
3793483,-22123,202301,162,25,"E-12",2,69322,2,148.8,NA,2,2,1,6,NA,NA,NA,NA,NA,1,NA,NA,NA,"E-12"
3793484,-22123,202301,162,25,"E-12",2,69322,2,108.1,NA,2,2,1,6,NA,NA,NA,NA,NA,1,NA,NA,NA,"E-12"
3793485,-22123,202301,162,25,"E-12",2,69322,2,141.8,NA,2,2,1,5,NA,NA,NA,NA,NA,1,NA,NA,NA,"E-12"
3793554,-22123,202301,162,25,"E-12",2,69322,2,100.2,NA,2,3,1,5,NA,NA,NA,NA,NA,1,NA,NA,NA,"E-12"
3793555,-22123,202301,162,25,"E-12",2,69322,2,111.9,NA,2,2,1,5,NA,NA,NA,NA,NA,1,NA,NA,NA,"E-12"
3793556,-22123,202301,162,25,"E-12",2,69322,2,110.3,NA,2,2,1,5,NA,NA,NA,NA,NA,1,NA,NA,NA,"E-12"
3793557,-22123,202301,162,25,"E-12",2,69322,2,138.8,NA,2,2,1,5,NA,NA,NA,NA,NA,1,NA,NA,NA,"E-12"
3793558,-22123,202301,162,25,"E-12",2,69322,2,109,NA,2,2,1,5,NA,NA,NA,NA,NA,1,NA,NA,NA,"E-12"
3793559,-22123,202301,162,25,"E-12",2,69322,2,127.3,NA,2,2,1,5,NA,NA,NA,NA,NA,1,NA,NA,NA,"E-12"
3793560,-22123,202301,162,25,"E-12",2,69322,2,116.4,NA,2,2,1,5,NA,NA,NA,NA,NA,1,NA,NA,NA,"E-12"
3793562,-22123,202301,162,25,"E-12",2,69322,2,109.7,NA,2,2,1,5,901,NA,NA,NA,NA,1,NA,NA,NA,"E-12"
3793563,-22123,202301,162,25,"E-12",2,69322,2,154.9,NA,2,2,1,5,1884,NA,NA,NA,NA,1,NA,NA,NA,"E-12"
3793564,-22123,202301,162,25,"E-12",2,69322,2,126.8,NA,2,2,1,5,1484,NA,NA,NA,NA,1,NA,NA,NA,"E-12"
3793565,-22123,202301,162,25,"E-12",2,69322,2,137.7,NA,2,2,1,5,1724,NA,NA,NA,NA,1,NA,NA,NA,"E-12"
3793566,-22123,202301,162,25,"E-12",2,69322,2,125.3,NA,2,2,1,5,1362,NA,NA,NA,NA,1,NA,NA,NA,"E-12"
3793567,-22123,202301,162,25,"E-12",2,69322,2,113.4,NA,2,2,1,5,NA,NA,NA,NA,NA,1,NA,NA,NA,"E-12"
3793568,-22123,202301,162,25,"E-12",2,69322,2,115.3,NA,2,3,1,5,NA,NA,NA,NA,NA,1,NA,NA,NA,"E-12"
3793569,-22123,202301,162,25,"E-12",2,69322,2,133.1,NA,2,3,1,5,NA,NA,NA,NA,NA,1,NA,NA,NA,"E-12"
3793570,-22123,202301,162,25,"E-12",2,69322,2,105.2,NA,2,2,1,6,NA,NA,NA,NA,NA,1,NA,NA,NA,"E-12"
3793571,-22123,202301,162,25,"E-12",2,69322,2,115.6,NA,2,2,1,6,NA,NA,NA,NA,NA,1,NA,NA,NA,"E-12"
3793572,-22123,202301,162,25,"E-12",2,69322,2,136,NA,2,2,1,6,NA,NA,NA,NA,NA,1,NA,NA,NA,"E-12"
3793573,-22123,202301,162,25,"E-12",2,69322,2,129.3,NA,2,2,1,6,NA,NA,NA,NA,NA,1,NA,NA,NA,"E-12"
3793574,-22123,202301,162,25,"E-12",2,69322,2,141,NA,2,2,1,6,NA,NA,NA,NA,NA,1,NA,NA,NA,"E-12"
3793576,-22123,202301,162,25,"E-12",2,69322,2,116.8,NA,2,2,1,6,NA,NA,NA,NA,NA,1,NA,NA,NA,"E-12"
3793577,-22123,202301,162,25,"E-12",2,69322,2,143.2,NA,2,2,1,6,NA,NA,NA,NA,NA,1,NA,NA,NA,"E-12"
3793578,-22123,202301,162,25,"E-12",2,69322,2,136.1,NA,2,2,1,6,NA,NA,NA,NA,NA,1,NA,NA,NA,"E-12"
3793579,-22123,202301,162,25,"E-12",2,69322,2,121.5,NA,2,2,1,6,NA,NA,NA,NA,NA,1,NA,NA,NA,"E-12"
3793580,-22123,202301,162,25,"E-12",2,69322,2,131.3,NA,2,2,1,6,NA,NA,NA,NA,NA,1,NA,NA,NA,"E-12"
3793581,-22123,202301,162,25,"E-12",2,69322,2,127.4,NA,2,2,1,6,NA,NA,NA,NA,NA,1,NA,NA,NA,"E-12"
3793582,-22123,202301,162,25,"E-12",2,69322,2,108.1,NA,2,2,1,6,NA,NA,NA,NA,NA,1,NA,NA,NA,"E-12"
3793583,-22123,202301,162,25,"E-12",2,69322,2,151.1,NA,2,2,1,6,NA,NA,NA,NA,NA,1,NA,NA,NA,"E-12"
3793585,-22123,202301,162,25,"E-12",2,69322,2,130,NA,2,2,1,6,NA,NA,NA,NA,NA,1,NA,NA,NA,"E-12"
3793586,-22123,202301,162,25,"E-12",2,69322,2,131.5,NA,2,2,1,6,NA,NA,NA,NA,NA,1,NA,NA,NA,"E-12"
3793587,-22123,202301,162,25,"E-12",2,69322,2,112.5,NA,2,2,1,6,NA,NA,NA,NA,NA,1,NA,NA,NA,"E-12"
3793588,-22123,202301,162,25,"E-12",2,69322,2,112.1,NA,2,2,1,6,NA,NA,NA,NA,NA,1,NA,NA,NA,"E-12"
3793589,-22123,202301,162,25,"E-12",2,69322,2,143.5,NA,2,2,1,5,NA,NA,NA,NA,NA,1,NA,NA,NA,"E-12"
3793590,-22123,202301,162,25,"E-12",2,69322,2,156.7,NA,2,2,1,5,NA,NA,NA,NA,NA,1,NA,NA,NA,"E-12"
3793591,-22123,202301,162,25,"E-12",2,69322,2,129.2,NA,2,2,1,5,NA,NA,NA,NA,NA,1,NA,NA,NA,"E-12"
3793593,-22123,202301,162,25,"E-12",2,69322,2,108,NA,2,2,1,5,NA,NA,NA,NA,NA,1,NA,NA,NA,"E-12"
3793594,-22123,202301,162,25,"E-12",2,69322,2,146.6,NA,2,2,1,5,NA,NA,NA,NA,NA,1,NA,NA,NA,"E-12"
3793595,-22123,202301,162,25,"E-12",2,69322,2,133,NA,2,2,1,5,NA,NA,NA,NA,NA,1,NA,NA,NA,"E-12"
3793596,-22123,202301,162,25,"E-12",2,69322,2,154.7,NA,2,2,1,5,NA,NA,NA,NA,NA,1,NA,NA,NA,"E-12"
3793597,-22123,202301,162,25,"E-12",2,69322,2,146.2,NA,2,2,1,5,NA,NA,NA,NA,NA,1,NA,NA,NA,"E-12"
3793598,-22123,202301,162,25,"E-12",2,69322,2,148.7,NA,2,2,1,5,NA,NA,NA,NA,NA,1,NA,NA,NA,"E-12"
3793599,-22123,202301,162,25,"E-12",2,69322,2,131.7,NA,2,2,1,5,NA,NA,NA,NA,NA,1,NA,NA,NA,"E-12"
3793600,-22123,202301,162,25,"E-12",2,69322,2,142.1,NA,2,2,1,5,NA,NA,NA,NA,NA,1,NA,NA,NA,"E-12"
3793602,-22123,202301,162,25,"E-12",2,69322,2,129.2,NA,2,2,1,5,NA,NA,NA,NA,NA,1,NA,NA,NA,"E-12"
3793603,-22123,202301,162,25,"E-12",2,69322,2,135.1,NA,2,2,1,5,NA,NA,NA,NA,NA,1,NA,NA,NA,"E-12"
3793604,-22123,202301,162,25,"E-12",2,69322,2,121.7,NA,2,2,1,5,NA,NA,NA,NA,NA,1,NA,NA,NA,"E-12"
3793605,NA,202301,162,21,NA,6,68560,1,NA,35.8,1,NA,NA,NA,NA,NA,NA,NA,NA,1,NA,NA,NA,NA
3793606,NA,202301,162,21,NA,6,68560,1,NA,55.2,2,NA,NA,NA,NA,NA,NA,NA,NA,1,NA,NA,NA,NA
3793607,NA,202301,162,21,NA,6,68560,2,NA,33.3,2,0,0,0,NA,NA,NA,NA,NA,1,NA,NA,NA,NA
3793608,NA,202301,162,21,NA,6,68560,2,NA,47,2,0,0,0,NA,NA,NA,NA,NA,1,NA,NA,NA,NA
3793609,NA,202301,162,22,NA,6,68560,1,NA,29.5,2,NA,NA,NA,NA,NA,NA,NA,NA,1,NA,NA,NA,NA
3793610,NA,202301,162,23,NA,6,68560,1,NA,22.2,2,NA,NA,NA,NA,NA,NA,NA,NA,1,NA,NA,NA,NA
3793611,NA,202301,162,23,NA,6,68560,1,NA,35.3,2,NA,NA,NA,NA,NA,NA,NA,NA,1,NA,NA,NA,NA
3793612,NA,202301,162,23,NA,6,68560,2,NA,30,2,0,0,0,NA,NA,NA,NA,NA,1,NA,NA,NA,NA
3793613,NA,202301,162,23,NA,6,68560,2,NA,29,2,0,0,0,NA,NA,NA,NA,NA,1,NA,NA,NA,NA
3793614,NA,202301,162,23,NA,4,69400,1,62.2,NA,2,NA,NA,NA,NA,NA,NA,NA,NA,1,NA,NA,NA,NA
3793615,-22123,202301,162,25,"E-12",2,69322,1,140.7,NA,3,NA,NA,NA,NA,NA,NA,NA,NA,1,NA,NA,NA,"E-12"
3793616,-22123,202301,162,25,"E-12",2,69322,1,122.8,NA,2,NA,NA,NA,NA,NA,NA,NA,NA,1,NA,NA,NA,"E-12"
3793617,-22123,202301,162,25,"E-12",2,69322,1,164.2,NA,4,NA,NA,NA,NA,NA,NA,NA,NA,1,NA,NA,NA,"E-12"
3793618,-22123,202301,162,25,"E-12",2,69322,1,159.6,NA,4,NA,NA,NA,NA,NA,NA,NA,NA,1,NA,NA,NA,"E-12"
3793620,-22123,202301,162,25,"E-12",2,69322,1,98.2,NA,2,NA,NA,NA,804,NA,NA,NA,NA,1,NA,NA,NA,"E-12"
3793621,-22123,202301,162,25,"E-12",2,69322,1,143.9,NA,3,NA,NA,NA,2576,NA,NA,NA,NA,1,NA,NA,NA,"E-12"
3793622,-22123,202301,162,25,"E-12",2,69322,2,113.7,NA,2,2,1,5,NA,NA,NA,NA,NA,1,NA,NA,NA,"E-12"
3793623,-22123,202301,162,25,"E-12",2,69322,2,133.2,NA,2,2,1,5,NA,NA,NA,NA,NA,1,NA,NA,NA,"E-12"
3793624,-22123,202301,162,25,"E-12",2,69322,2,146.7,NA,2,2,1,5,NA,NA,NA,NA,NA,1,NA,NA,NA,"E-12"
3793625,-22123,202301,162,25,"E-12",2,69322,2,120.9,NA,2,2,1,5,NA,NA,NA,NA,NA,1,NA,NA,NA,"E-12"
3793626,-22123,202301,162,25,"E-12",2,69322,2,122.3,NA,2,2,1,5,NA,NA,NA,NA,NA,1,NA,NA,NA,"E-12"
3793628,-22123,202301,162,25,"E-12",2,69322,2,115.7,NA,2,2,1,5,NA,NA,NA,NA,NA,1,NA,NA,NA,"E-12"
3793629,-22123,202301,162,25,"E-12",2,69322,2,127.9,NA,2,2,1,5,NA,NA,NA,NA,NA,1,NA,NA,NA,"E-12"
3793630,-22123,202301,162,25,"E-12",2,69322,2,122.8,NA,2,2,1,5,NA,NA,NA,NA,NA,1,NA,NA,NA,"E-12"
3793631,-22123,202301,162,25,"E-12",2,69322,2,117.4,NA,2,2,1,5,NA,NA,NA,NA,NA,1,NA,NA,NA,"E-12"
3793632,-22123,202301,162,25,"E-12",2,69322,2,126.8,NA,2,2,1,5,NA,NA,NA,NA,NA,1,NA,NA,NA,"E-12"
3793633,-22123,202301,162,25,"E-12",2,69322,2,116.4,NA,2,2,1,5,NA,NA,NA,NA,NA,1,NA,NA,NA,"E-12"
3793634,-22123,202301,162,25,"E-12",2,69322,2,109.3,NA,2,2,1,5,NA,NA,NA,NA,NA,1,NA,NA,NA,"E-12"
3793635,-22123,202301,162,25,"E-12",2,69322,2,122,NA,2,2,1,5,NA,NA,NA,NA,NA,1,NA,NA,NA,"E-12"
3793637,-22123,202301,162,25,"E-12",2,69322,2,143.6,NA,2,2,1,5,NA,NA,NA,NA,NA,1,NA,NA,NA,"E-12"
3793638,-22123,202301,162,25,"E-12",2,69322,2,135.5,NA,2,2,1,5,NA,NA,NA,NA,NA,1,NA,NA,NA,"E-12"
3793639,-22123,202301,162,25,"E-12",2,69322,2,126.1,NA,2,2,1,5,NA,NA,NA,NA,NA,1,NA,NA,NA,"E-12"
3793640,-22123,202301,162,25,"E-12",2,69322,2,132.4,NA,2,2,1,5,NA,NA,NA,NA,NA,1,NA,NA,NA,"E-12"
3793641,-22123,202301,162,25,"E-12",2,69322,2,139.6,NA,2,2,1,5,NA,NA,NA,NA,NA,1,NA,NA,NA,"E-12"
3793642,-22123,202301,162,25,"E-12",2,69322,2,103.9,NA,2,2,1,5,NA,NA,NA,NA,NA,1,NA,NA,NA,"E-12"
3793643,-22123,202301,162,25,"E-12",2,69322,2,133.8,NA,2,2,1,5,NA,NA,NA,NA,NA,1,NA,NA,NA,"E-12"
3793645,-22123,202301,162,25,"E-12",2,69322,2,140.4,NA,2,2,1,5,NA,NA,NA,NA,NA,1,NA,NA,NA,"E-12"
3793646,-22123,202301,162,25,"E-12",2,69322,2,124.2,NA,2,2,1,5,NA,NA,NA,NA,NA,1,NA,NA,NA,"E-12"
3793647,-22123,202301,162,25,"E-12",2,69322,2,148.2,NA,2,2,1,5,NA,NA,NA,NA,NA,1,NA,NA,NA,"E-12"
3793648,-22123,202301,162,25,"E-12",2,69322,2,142,NA,2,2,1,5,NA,NA,NA,NA,NA,1,NA,NA,NA,"E-12"
3793649,-22123,202301,162,25,"E-12",2,69322,2,162.3,NA,2,2,1,5,NA,NA,NA,NA,NA,1,NA,NA,NA,"E-12"
3793650,-22123,202301,162,25,"E-12",2,69322,2,164.9,NA,2,2,1,5,NA,NA,NA,NA,NA,1,NA,NA,NA,"E-12"
3793651,-22123,202301,162,25,"E-12",2,69322,2,119.2,NA,2,2,1,5,NA,NA,NA,NA,NA,1,NA,NA,NA,"E-12"
3793652,-22123,202301,162,25,"E-12",2,69322,2,148.5,NA,2,2,1,5,NA,NA,NA,NA,NA,1,NA,NA,NA,"E-12"
3793654,-22123,202301,162,25,"E-12",2,69322,2,119.6,NA,2,2,1,5,NA,NA,NA,NA,NA,1,NA,NA,NA,"E-12"
3793655,-22123,202301,162,25,"E-12",2,69322,2,130.3,NA,2,2,1,5,NA,NA,NA,NA,NA,1,NA,NA,NA,"E-12"
3793656,-22123,202301,162,25,"E-12",2,69322,2,153.5,NA,2,2,1,5,NA,NA,NA,NA,NA,1,NA,NA,NA,"E-12"
3793657,-22123,202301,162,25,"E-12",2,69322,2,121.8,NA,2,2,1,5,NA,NA,NA,NA,NA,1,NA,NA,NA,"E-12"
3793658,-22123,202301,162,25,"E-12",2,69322,2,145.2,NA,2,2,1,5,NA,NA,NA,NA,NA,1,NA,NA,NA,"E-12"
3793659,-22123,202301,162,25,"E-12",2,69322,2,139,NA,2,2,1,5,NA,NA,NA,NA,NA,1,NA,NA,NA,"E-12"
3793660,-22123,202301,162,25,"E-12",2,69322,2,157.1,NA,2,2,1,5,NA,NA,NA,NA,NA,1,NA,NA,NA,"E-12"
3793662,-22123,202301,162,25,"E-12",2,69322,2,155.8,NA,2,2,1,5,NA,NA,NA,NA,NA,1,NA,NA,NA,"E-12"
3793663,-22123,202301,162,25,"E-12",2,69322,2,128.2,NA,2,2,1,5,NA,NA,NA,NA,NA,1,NA,NA,NA,"E-12"
3793664,-22123,202301,162,25,"E-12",2,69322,2,131.1,NA,2,2,1,5,NA,NA,NA,NA,NA,1,NA,NA,NA,"E-12"
3793665,-22123,202301,162,25,"E-12",2,69322,2,146.2,NA,2,2,1,5,NA,NA,NA,NA,NA,1,NA,NA,NA,"E-12"
3793666,-22123,202301,162,25,"E-12",2,69322,2,152.9,NA,2,2,1,5,NA,NA,NA,NA,NA,1,NA,NA,NA,"E-12"
3793667,-22123,202301,162,25,"E-12",2,69322,2,125.5,NA,2,2,1,5,NA,NA,NA,NA,NA,1,NA,NA,NA,"E-12"
3793668,-22123,202301,162,25,"E-12",2,69322,2,122.3,NA,2,2,1,5,NA,NA,NA,NA,NA,1,NA,NA,NA,"E-12"
3793669,-22123,202301,162,25,"E-12",2,69322,2,136.1,NA,2,2,1,5,NA,NA,NA,NA,NA,1,NA,NA,NA,"E-12"
3793671,-22123,202301,162,25,"E-12",2,69322,2,148.7,NA,2,2,1,5,NA,NA,NA,NA,NA,1,NA,NA,NA,"E-12"
3793672,-22123,202301,162,25,"E-12",2,69322,2,125,NA,2,2,1,5,NA,NA,NA,NA,NA,1,NA,NA,NA,"E-12"
3793673,-22123,202301,162,25,"E-12",2,69322,2,144.6,NA,2,2,1,5,NA,NA,NA,NA,NA,1,NA,NA,NA,"E-12"
3793674,-22123,202301,162,25,"E-12",2,69322,2,144.7,NA,2,2,1,5,NA,NA,NA,NA,NA,1,NA,NA,NA,"E-12"
3793675,-22123,202301,162,25,"E-12",2,69322,2,155.8,NA,2,2,1,5,NA,NA,NA,NA,NA,1,NA,NA,NA,"E-12"
3793676,-22123,202301,162,25,"E-12",2,69322,2,137.2,NA,2,2,1,5,NA,NA,NA,NA,NA,1,NA,NA,NA,"E-12"
3793677,-22123,202301,162,25,"E-12",2,69322,2,119.9,NA,2,2,1,5,NA,NA,NA,NA,NA,1,NA,NA,NA,"E-12"
3793679,-22123,202301,162,25,"E-12",2,69322,2,145.7,NA,2,2,1,5,NA,NA,NA,NA,NA,1,NA,NA,NA,"E-12"
3793680,-22123,202301,162,25,"E-12",2,69322,2,143.7,NA,2,2,1,5,NA,NA,NA,NA,NA,1,NA,NA,NA,"E-12"
3793681,-22123,202301,162,25,"E-12",2,69322,2,134.4,NA,2,2,1,5,NA,NA,NA,NA,NA,1,NA,NA,NA,"E-12"
3793682,-22123,202301,162,25,"E-12",2,69322,2,116.9,NA,2,2,1,5,NA,NA,NA,NA,NA,1,NA,NA,NA,"E-12"
3793683,-22123,202301,162,25,"E-12",2,69322,2,124.3,NA,2,2,1,5,NA,NA,NA,NA,NA,1,NA,NA,NA,"E-12"
3793173,-22174,202301,162,41,"G-10",6,68560,1,NA,57.1,2,NA,NA,NA,NA,NA,NA,NA,NA,1,NA,NA,NA,"G-10"
3793174,-22174,202301,162,41,"G-10",6,68560,1,NA,122.5,4,NA,NA,NA,NA,NA,NA,NA,NA,1,NA,NA,NA,"G-10"
3793175,-22174,202301,162,41,"G-10",6,68560,1,NA,103.6,4,NA,NA,NA,NA,NA,NA,NA,NA,1,18.8,NA,NA,"G-10"
3793176,-22174,202301,162,41,"G-10",6,68560,1,NA,106.3,4,NA,NA,NA,NA,NA,NA,NA,NA,1,18.9,NA,NA,"G-10"
3793178,-22174,202301,162,41,"G-10",6,68560,1,NA,105.9,3,NA,NA,NA,350,NA,NA,NA,NA,1,18.2,NA,NA,"G-10"
3793179,-22174,202301,162,41,"G-10",6,68560,1,NA,56.9,2,NA,NA,NA,54,NA,NA,NA,NA,1,7.6,NA,NA,"G-10"
3793180,-22174,202301,162,41,"G-10",6,68560,1,NA,61.9,2,NA,NA,NA,65,NA,NA,NA,NA,1,7.5,NA,NA,"G-10"
3793181,-22174,202301,162,41,"G-10",6,68560,1,NA,58.2,2,NA,NA,NA,60,NA,NA,NA,NA,1,7,NA,NA,"G-10"
3793182,-22174,202301,162,41,"G-10",6,68560,2,NA,58.3,2,0,0,0,NA,NA,NA,NA,NA,1,NA,NA,NA,"G-10"
3793183,-22174,202301,162,41,"G-10",6,68560,2,NA,56.7,2,0,0,0,51,NA,NA,NA,NA,1,NA,NA,NA,"G-10"
3793184,-22174,202301,162,41,"G-10",6,68560,2,NA,64.8,2,0,0,0,82,NA,NA,NA,NA,1,NA,NA,NA,"G-10"
3793185,-22174,202301,162,41,"G-10",6,68560,2,NA,56.5,2,0,0,0,44,NA,NA,NA,NA,1,NA,NA,NA,"G-10"
3793187,-22174,202301,162,41,"G-10",6,68560,2,NA,63.8,2,0,0,0,66,NA,NA,NA,NA,1,NA,NA,NA,"G-10"
3793188,-22174,202301,162,41,"G-10",9,68590,1,NA,66.7,2,NA,NA,NA,NA,NA,NA,NA,NA,1,NA,NA,NA,"G-10"
3793189,-22174,202301,162,41,"G-10",2,69322,1,132.9,NA,3,NA,NA,NA,NA,NA,NA,NA,NA,1,NA,NA,NA,"G-10"
3793190,-22174,202301,162,41,"G-10",2,69322,1,93.7,NA,2,NA,NA,NA,NA,NA,NA,NA,NA,1,NA,NA,NA,"G-10"
3793191,-22174,202301,162,41,"G-10",2,69322,1,80.2,NA,2,NA,NA,NA,NA,NA,NA,NA,NA,1,NA,NA,NA,"G-10"
3793192,-22174,202301,162,41,"G-10",2,69322,1,155.4,NA,2,NA,NA,NA,NA,NA,NA,NA,NA,1,NA,NA,NA,"G-10"
3793193,-22174,202301,162,41,"G-10",2,69322,1,165.6,NA,2,NA,NA,NA,3740,NA,NA,NA,NA,1,NA,NA,NA,"G-10"
3793195,-22174,202301,162,41,"G-10",2,69322,1,138,NA,3,NA,NA,NA,NA,NA,NA,NA,NA,1,NA,NA,NA,"G-10"
3793196,-22174,202301,162,41,"G-10",2,69322,1,114.2,NA,2,NA,NA,NA,NA,NA,NA,NA,NA,1,NA,NA,NA,"G-10"
3793197,-22174,202301,162,41,"G-10",2,69322,1,148.5,NA,2,NA,NA,NA,NA,NA,NA,NA,NA,1,NA,NA,NA,"G-10"
3793198,-22174,202301,162,41,"G-10",2,69322,1,135.9,NA,2,NA,NA,NA,NA,NA,NA,NA,NA,1,NA,NA,NA,"G-10"
3793199,-22174,202301,162,41,"G-10",2,69322,1,90.2,NA,2,NA,NA,NA,NA,NA,NA,NA,NA,1,NA,NA,NA,"G-10"
3793200,-22174,202301,162,41,"G-10",2,69322,1,93.9,NA,2,NA,NA,NA,NA,NA,NA,NA,NA,1,NA,NA,NA,"G-10"
3793201,-22174,202301,162,41,"G-10",2,69322,1,128.6,NA,2,NA,NA,NA,NA,NA,NA,NA,NA,1,NA,NA,NA,"G-10"
3793203,-22174,202301,162,41,"G-10",2,69322,1,119.6,NA,2,NA,NA,NA,1499,NA,NA,NA,NA,1,NA,NA,NA,"G-10"
3793204,-22174,202301,162,41,"G-10",2,69322,1,107.8,NA,2,NA,NA,NA,1226,NA,NA,NA,NA,1,NA,NA,NA,"G-10"
3793205,-22174,202301,162,41,"G-10",2,69322,1,93.8,NA,2,NA,NA,NA,688,NA,NA,NA,NA,1,NA,NA,NA,"G-10"
3793206,-22174,202301,162,41,"G-10",2,69322,1,89.4,NA,2,NA,NA,NA,NA,NA,NA,NA,NA,1,NA,NA,NA,"G-10"
3793207,-22174,202301,162,41,"G-10",2,69322,1,141.2,NA,2,NA,NA,NA,2246,NA,NA,NA,NA,1,NA,NA,NA,"G-10"
3793208,-22174,202301,162,41,"G-10",2,69322,1,154.8,NA,2,NA,NA,NA,2870,NA,NA,NA,NA,1,NA,NA,NA,"G-10"
3793209,-22174,202301,162,41,"G-10",2,69322,2,83.6,NA,2,0,0,0,NA,NA,NA,NA,NA,1,NA,NA,NA,"G-10"
3793211,-22174,202301,162,41,"G-10",2,69322,2,86.7,NA,2,0,0,0,485,NA,NA,NA,NA,1,NA,NA,NA,"G-10"
3793212,-22174,202301,162,41,"G-10",2,69322,2,118.9,NA,2,2,1,5,NA,NA,NA,NA,NA,1,NA,NA,NA,"G-10"
3793213,-22174,202301,162,41,"G-10",2,69322,2,121.4,NA,2,2,1,6,NA,NA,NA,NA,NA,1,NA,NA,NA,"G-10"
3793214,-22174,202301,162,41,"G-10",2,69322,2,116.9,NA,2,5,1,6,NA,NA,NA,NA,NA,1,NA,NA,NA,"G-10"
3793215,-22174,202301,162,41,"G-10",2,69322,2,150.8,NA,2,2,1,5,NA,NA,NA,NA,NA,1,NA,NA,NA,"G-10"
3793216,-22174,202301,162,41,"G-10",2,69322,2,139.6,NA,2,2,1,5,NA,NA,NA,NA,NA,1,NA,NA,NA,"G-10"
3793217,-22174,202301,162,41,"G-10",2,69322,2,135.6,NA,2,2,1,5,NA,NA,NA,NA,NA,1,NA,NA,NA,"G-10"
3793218,-22174,202301,162,41,"G-10",2,69322,2,93.7,NA,2,3,1,5,NA,NA,NA,NA,NA,1,NA,NA,NA,"G-10"
3793219,-22174,202301,162,41,"G-10",2,69322,2,104.8,NA,2,2,1,5,NA,NA,NA,NA,NA,1,NA,NA,NA,"G-10"
3794103,NA,202301,162,42,NA,4,69400,2,89.6,NA,3,0,0,1,NA,NA,NA,NA,NA,1,NA,NA,NA,NA
3794104,NA,202301,162,42,NA,6,68560,2,NA,58,2,0,0,0,NA,NA,NA,NA,NA,1,NA,NA,NA,NA
3794105,NA,202301,162,42,NA,6,68560,2,NA,59.3,2,0,0,0,NA,NA,NA,NA,NA,1,NA,NA,NA,NA
3794106,NA,202301,162,42,NA,6,68560,2,NA,66.9,2,0,0,0,87,NA,NA,NA,NA,1,NA,NA,NA,NA
3794107,NA,202301,162,42,NA,6,68560,2,NA,60,2,0,0,0,58,NA,NA,NA,NA,1,NA,NA,NA,NA
3794108,NA,202301,162,42,NA,6,68560,2,NA,63.1,2,0,0,0,70,NA,NA,NA,NA,1,NA,NA,NA,NA
3794109,NA,202301,162,42,NA,6,68560,2,NA,62.1,2,0,0,0,70,NA,NA,NA,NA,1,NA,NA,NA,NA
3794110,NA,202301,162,42,NA,6,68560,2,NA,103.1,3,4,1,5,NA,NA,NA,NA,NA,1,NA,NA,NA,NA
3794111,NA,202301,162,42,NA,2,69322,1,124,NA,2,NA,NA,NA,NA,NA,NA,NA,NA,1,NA,NA,NA,NA
3794214,NA,202301,162,42,NA,2,69322,1,103.8,NA,2,NA,NA,NA,NA,NA,NA,NA,NA,1,NA,NA,NA,NA
3794215,NA,202301,162,42,NA,2,69322,2,121.6,NA,2,2,1,5,NA,NA,NA,NA,NA,1,NA,NA,NA,NA
3794216,NA,202301,162,42,NA,2,69322,2,149.4,NA,2,2,1,5,NA,NA,NA,NA,NA,1,NA,NA,NA,NA
3794217,NA,202301,162,42,NA,2,69322,2,164.2,NA,2,2,1,6,NA,NA,NA,NA,NA,1,NA,NA,NA,NA
3794218,NA,202301,162,42,NA,2,69322,2,86.4,NA,2,3,1,5,NA,NA,NA,NA,NA,1,NA,NA,NA,NA
3794219,NA,202301,162,42,NA,2,69322,2,87.4,NA,2,3,1,5,NA,NA,NA,NA,NA,1,NA,NA,NA,NA
3794220,NA,202301,162,42,NA,2,69322,2,104.4,NA,2,2,1,5,NA,NA,NA,NA,NA,1,NA,NA,NA,NA
3794221,NA,202301,162,42,NA,6,68560,1,NA,101.6,3,NA,NA,NA,NA,NA,NA,NA,NA,1,NA,NA,NA,NA
3794222,NA,202301,162,42,NA,6,68560,1,NA,100.8,3,NA,NA,NA,NA,NA,NA,NA,NA,1,NA,NA,NA,NA
3794223,NA,202301,162,42,NA,6,68560,1,NA,55.8,2,NA,NA,NA,NA,NA,NA,NA,NA,1,NA,NA,NA,NA
3794224,NA,202301,162,42,NA,6,68560,1,NA,67.6,2,NA,NA,NA,NA,NA,NA,NA,NA,1,NA,NA,NA,NA
3794225,NA,202301,162,42,NA,6,68560,1,NA,56.8,2,NA,NA,NA,NA,NA,NA,NA,NA,1,NA,NA,NA,NA
3794226,NA,202301,162,42,NA,6,68560,1,NA,58.7,2,NA,NA,NA,NA,NA,NA,NA,NA,1,NA,NA,NA,NA
3794227,NA,202301,162,42,NA,6,68560,1,NA,65.9,2,NA,NA,NA,NA,NA,NA,NA,NA,1,NA,NA,NA,NA
3794228,NA,202301,162,42,NA,6,68560,1,NA,64,2,NA,NA,NA,NA,NA,NA,NA,NA,1,NA,NA,NA,NA
3793561,-22123,202301,162,25,"E-12",2,69322,2,127.8,NA,2,2,1,5,NA,NA,NA,NA,NA,1,NA,NA,NA,"E-12"
3793575,-22123,202301,162,25,"E-12",2,69322,2,140.8,NA,2,2,1,6,NA,NA,NA,NA,NA,1,NA,NA,NA,"E-12"
3793584,-22123,202301,162,25,"E-12",2,69322,2,120.6,NA,2,2,1,6,NA,NA,NA,NA,NA,1,NA,NA,NA,"E-12"
3793592,-22123,202301,162,25,"E-12",2,69322,2,117.7,NA,2,2,1,5,NA,NA,NA,NA,NA,1,NA,NA,NA,"E-12"
3793601,-22123,202301,162,25,"E-12",2,69322,2,110.6,NA,2,2,1,5,NA,NA,NA,NA,NA,1,NA,NA,NA,"E-12"
3793619,-22123,202301,162,25,"E-12",2,69322,1,159.3,NA,4,NA,NA,NA,NA,NA,NA,NA,NA,1,NA,NA,NA,"E-12"
3793627,-22123,202301,162,25,"E-12",2,69322,2,136.3,NA,2,2,1,5,NA,NA,NA,NA,NA,1,NA,NA,NA,"E-12"
3793636,-22123,202301,162,25,"E-12",2,69322,2,119.2,NA,2,2,1,5,NA,NA,NA,NA,NA,1,NA,NA,NA,"E-12"
3793644,-22123,202301,162,25,"E-12",2,69322,2,118.3,NA,2,2,1,5,NA,NA,NA,NA,NA,1,NA,NA,NA,"E-12"
3793653,-22123,202301,162,25,"E-12",2,69322,2,123.3,NA,2,2,1,5,NA,NA,NA,NA,NA,1,NA,NA,NA,"E-12"
3793661,-22123,202301,162,25,"E-12",2,69322,2,121.2,NA,2,2,1,5,NA,NA,NA,NA,NA,1,NA,NA,NA,"E-12"
3793670,-22123,202301,162,25,"E-12",2,69322,2,126,NA,2,2,1,5,NA,NA,NA,NA,NA,1,NA,NA,NA,"E-12"
3793678,-22123,202301,162,25,"E-12",2,69322,2,138.1,NA,2,2,1,5,NA,NA,NA,NA,NA,1,NA,NA,NA,"E-12"
3793177,-22174,202301,162,41,"G-10",6,68560,1,NA,108.5,3,NA,NA,NA,397,NA,NA,NA,NA,1,20.4,NA,NA,"G-10"
3793186,-22174,202301,162,41,"G-10",6,68560,2,NA,65,2,0,0,0,74,NA,NA,NA,NA,1,NA,NA,NA,"G-10"
3793194,-22174,202301,162,41,"G-10",2,69322,1,168,NA,3,NA,NA,NA,NA,NA,NA,NA,NA,1,NA,NA,NA,"G-10"
3793202,-22174,202301,162,41,"G-10",2,69322,1,81.2,NA,2,NA,NA,NA,NA,NA,NA,NA,NA,1,NA,NA,NA,"G-10"
3793210,-22174,202301,162,41,"G-10",2,69322,2,91.3,NA,2,0,0,0,578,NA,NA,NA,NA,1,NA,NA,NA,"G-10"
3793258,-22174,202301,162,41,"G-10",6,68560,1,NA,61,2,NA,NA,NA,NA,NA,NA,NA,NA,1,NA,NA,NA,"G-10"
3793299,-22123,202301,162,25,"E-12",2,69322,1,151.5,NA,4,NA,NA,NA,NA,NA,NA,NA,NA,1,NA,NA,NA,"E-12"
3793307,-22123,202301,162,25,"E-12",2,69322,1,108.8,NA,2,NA,NA,NA,1008,NA,NA,NA,NA,1,NA,NA,NA,"E-12"
3793688,-22123,202301,162,25,"E-12",2,69322,2,139.7,NA,2,2,1,5,NA,NA,NA,NA,NA,1,NA,NA,NA,"E-12"
3793696,-22123,202301,162,25,"E-12",6,68560,2,NA,77.6,2,0,0,0,NA,NA,NA,NA,NA,1,NA,NA,NA,"E-12"
3794102,-22174,202301,162,41,"G-10",2,69322,2,125.5,NA,2,2,1,5,NA,NA,NA,NA,NA,1,NA,NA,NA,"G-10"
3793220,-22174,202301,162,41,"G-10",2,69322,2,150.4,NA,2,2,1,5,NA,NA,NA,NA,NA,1,NA,NA,NA,"G-10"
3793221,-22174,202301,162,41,"G-10",2,69322,2,151.3,NA,2,2,1,5,NA,NA,NA,NA,NA,1,NA,NA,NA,"G-10"
3793222,-22174,202301,162,41,"G-10",2,69322,2,102.2,NA,2,2,1,5,NA,NA,NA,NA,NA,1,NA,NA,NA,"G-10"
3793223,-22174,202301,162,41,"G-10",2,69322,2,108.5,NA,2,2,1,5,NA,NA,NA,NA,NA,1,NA,NA,NA,"G-10"
3793224,-22174,202301,162,41,"G-10",2,69322,2,152.5,NA,2,2,1,5,NA,NA,NA,NA,NA,1,NA,NA,NA,"G-10"
3793225,-22174,202301,162,41,"G-10",2,69322,2,157.2,NA,2,2,1,5,NA,NA,NA,NA,NA,1,NA,NA,NA,"G-10"
3793253,-22174,202301,162,41,"G-10",6,68560,1,NA,58.4,2,NA,NA,NA,NA,NA,NA,NA,NA,1,NA,NA,NA,"G-10"
3793254,-22174,202301,162,41,"G-10",6,68560,1,NA,50.4,2,NA,NA,NA,NA,NA,NA,NA,NA,1,NA,NA,NA,"G-10"
3793255,-22174,202301,162,41,"G-10",6,68560,1,NA,62.2,2,NA,NA,NA,NA,NA,NA,NA,NA,1,NA,NA,NA,"G-10"
3793256,-22174,202301,162,41,"G-10",6,68560,1,NA,63.5,2,NA,NA,NA,NA,NA,NA,NA,NA,1,NA,NA,NA,"G-10"
3793257,-22174,202301,162,41,"G-10",6,68560,1,NA,60.2,2,NA,NA,NA,NA,NA,NA,NA,NA,1,NA,NA,NA,"G-10"
3793259,-22174,202301,162,41,"G-10",6,68560,1,NA,6.6,2,NA,NA,NA,NA,NA,NA,NA,NA,1,NA,NA,NA,"G-10"
3793277,NA,202301,162,20,NA,6,68560,2,NA,44.8,2,0,0,0,NA,NA,NA,NA,NA,1,NA,NA,NA,NA
3793278,NA,202301,162,20,NA,6,68560,2,NA,47,2,0,0,0,NA,NA,NA,NA,NA,1,NA,NA,NA,NA
3793279,NA,202301,162,20,NA,6,68560,2,NA,42.3,2,0,0,0,NA,NA,NA,NA,NA,1,NA,NA,NA,NA
3793280,NA,202301,162,20,NA,6,68560,2,NA,44.6,2,0,0,0,NA,NA,NA,NA,NA,1,NA,NA,NA,NA
3793281,NA,202301,162,20,NA,6,68560,2,NA,55.4,2,0,0,0,NA,NA,NA,NA,NA,1,NA,NA,NA,NA
3793282,NA,202301,162,20,NA,6,68560,2,NA,45.9,2,0,0,0,NA,NA,NA,NA,NA,1,NA,NA,NA,NA
3793283,NA,202301,162,20,NA,6,68560,2,NA,45.5,2,0,0,0,NA,NA,NA,NA,NA,1,NA,NA,NA,NA
3793284,NA,202301,162,20,NA,6,68560,2,NA,58.2,2,0,0,0,NA,NA,NA,NA,NA,1,NA,NA,NA,NA
3793285,NA,202301,162,20,NA,6,68560,2,NA,46.5,2,0,0,0,NA,NA,NA,NA,NA,1,NA,NA,NA,NA
3793286,NA,202301,162,20,NA,6,68560,2,NA,54,2,0,0,0,NA,NA,NA,NA,NA,1,NA,NA,NA,NA
3793287,NA,202301,162,20,NA,6,68560,2,NA,51.6,2,0,0,0,NA,NA,NA,NA,NA,1,NA,NA,NA,NA
3793288,NA,202301,162,20,NA,6,68560,2,NA,39.7,2,0,0,0,NA,NA,NA,NA,NA,1,NA,NA,NA,NA
3793289,NA,202301,162,20,NA,9,68590,1,NA,63.5,2,NA,NA,NA,NA,NA,NA,NA,NA,1,NA,NA,NA,NA
3793290,NA,202301,162,20,NA,9,68590,1,NA,92.6,4,NA,NA,NA,NA,NA,NA,NA,NA,1,NA,NA,NA,NA
3793291,NA,202301,162,20,NA,9,68590,2,NA,61.4,4,3,2,4,NA,NA,NA,NA,NA,1,NA,NA,NA,NA
3793292,NA,202301,162,20,NA,9,68590,2,NA,79.2,3,3,2,2,NA,NA,NA,NA,NA,1,NA,NA,NA,NA
3793293,NA,202301,162,20,NA,9,68590,2,NA,72.1,3,0,0,1,NA,NA,NA,NA,NA,1,NA,NA,NA,NA
3793294,-22123,202301,162,25,"E-12",2,69322,1,165.6,NA,4,NA,NA,NA,3876,NA,NA,NA,NA,1,NA,NA,NA,"E-12"
3793295,-22123,202301,162,25,"E-12",2,69322,1,154.7,NA,4,NA,NA,NA,3080,NA,NA,NA,NA,1,NA,NA,NA,"E-12"
3793296,-22123,202301,162,25,"E-12",2,69322,1,155.2,NA,4,NA,NA,NA,3520,NA,NA,NA,NA,1,NA,NA,NA,"E-12"
3793297,-22123,202301,162,25,"E-12",2,69322,1,173.8,NA,4,NA,NA,NA,NA,NA,NA,NA,NA,1,NA,NA,NA,"E-12"
3793298,-22123,202301,162,25,"E-12",2,69322,1,168,NA,4,NA,NA,NA,NA,NA,NA,NA,NA,1,NA,NA,NA,"E-12"
3793300,-22123,202301,162,25,"E-12",2,69322,1,161.8,NA,4,NA,NA,NA,NA,NA,NA,NA,NA,1,NA,NA,NA,"E-12"
3793301,-22123,202301,162,25,"E-12",2,69322,1,163.5,NA,3,NA,NA,NA,NA,NA,NA,NA,NA,1,NA,NA,NA,"E-12"
3793302,-22123,202301,162,25,"E-12",2,69322,1,145.7,NA,3,NA,NA,NA,NA,NA,NA,NA,NA,1,NA,NA,NA,"E-12"
3793303,-22123,202301,162,25,"E-12",2,69322,1,99.2,NA,2,NA,NA,NA,NA,NA,NA,NA,NA,1,NA,NA,NA,"E-12"
3793304,-22123,202301,162,25,"E-12",2,69322,1,76.8,NA,2,NA,NA,NA,393,NA,NA,NA,NA,1,NA,NA,NA,"E-12"
3793305,-22123,202301,162,25,"E-12",2,69322,1,165.3,NA,4,NA,NA,NA,4636,NA,NA,NA,NA,1,NA,NA,NA,"E-12"
3793306,-22123,202301,162,25,"E-12",2,69322,1,82.7,NA,2,NA,NA,NA,464,NA,NA,NA,NA,1,NA,NA,NA,"E-12"
3793308,-22123,202301,162,25,"E-12",2,69322,1,91.4,NA,2,NA,NA,NA,610,NA,NA,NA,NA,1,NA,NA,NA,"E-12"
3793309,-22123,202301,162,25,"E-12",2,69322,1,86,NA,2,NA,NA,NA,515,NA,NA,NA,NA,1,NA,NA,NA,"E-12"
3793310,-22123,202301,162,25,"E-12",2,69322,2,135,NA,2,2,1,5,NA,NA,NA,NA,NA,1,NA,NA,NA,"E-12"
3793378,NA,202301,162,18,NA,1,69310,1,123.8,NA,2,NA,NA,NA,1217,NA,NA,NA,NA,1,27.9,NA,NA,NA
3793379,NA,202301,162,18,NA,6,68560,1,NA,62,2,NA,NA,NA,67,NA,NA,NA,NA,1,7.9,NA,NA,NA
3793380,NA,202301,162,18,NA,6,68560,1,NA,59.9,2,NA,NA,NA,62,NA,NA,NA,NA,1,7.3,NA,NA,NA
3793381,NA,202301,162,18,NA,NA,68550,1,NA,107.5,1,NA,NA,NA,NA,NA,NA,NA,NA,1,NA,NA,NA,NA
3793382,NA,202301,162,18,NA,NA,68550,1,NA,156.6,2,NA,NA,NA,NA,NA,NA,NA,NA,1,NA,NA,NA,NA
3793383,NA,202301,162,18,NA,NA,68550,1,NA,134.1,2,NA,NA,NA,NA,NA,NA,NA,NA,1,NA,NA,NA,NA
3793401,NA,202301,162,26,NA,2,69322,2,105.5,NA,2,2,1,5,NA,NA,NA,NA,NA,1,NA,NA,NA,NA
3793402,NA,202301,162,26,NA,2,69322,2,103.5,NA,2,2,1,5,NA,NA,NA,NA,NA,1,NA,NA,NA,NA
3793403,NA,202301,162,26,NA,2,69322,2,119.7,NA,2,2,1,5,NA,NA,NA,NA,NA,1,NA,NA,NA,NA
3793404,NA,202301,162,26,NA,2,69322,2,132,NA,2,2,1,5,NA,NA,NA,NA,NA,1,NA,NA,NA,NA
3793405,NA,202301,162,26,NA,2,69322,2,109.4,NA,2,2,1,5,NA,NA,NA,NA,NA,1,NA,NA,NA,NA
3793406,NA,202301,162,26,NA,2,69322,2,125.8,NA,2,2,1,5,1431,NA,NA,NA,NA,1,NA,NA,NA,NA
3793407,NA,202301,162,26,NA,2,69322,2,121.3,NA,2,2,1,5,1279,NA,NA,NA,NA,1,NA,NA,NA,NA
3793408,NA,202301,162,26,NA,2,69322,1,150.9,NA,4,NA,NA,NA,NA,NA,NA,NA,NA,1,NA,NA,NA,NA
3793409,NA,202301,162,26,NA,4,69400,1,81.7,NA,2,NA,NA,NA,NA,NA,NA,NA,NA,1,NA,NA,NA,NA
3793410,NA,202301,162,26,NA,6,68560,1,NA,56.6,2,NA,NA,NA,62,NA,NA,NA,NA,1,6.9,NA,NA,NA
3793411,NA,202301,162,26,NA,6,68560,2,NA,66,2,0,0,0,NA,NA,NA,NA,NA,1,NA,NA,NA,NA
3793418,NA,202301,162,20,NA,9,68590,2,NA,84.2,3,0,0,1,NA,NA,NA,NA,NA,1,NA,NA,NA,NA
3793419,NA,202301,162,20,NA,6,68560,1,NA,30,2,NA,NA,NA,NA,NA,NA,NA,NA,1,NA,NA,NA,NA
3793420,NA,202301,162,20,NA,6,68560,1,NA,43.5,2,NA,NA,NA,NA,NA,NA,NA,NA,1,NA,NA,NA,NA
3793421,NA,202301,162,20,NA,6,68560,1,NA,43.5,2,NA,NA,NA,NA,NA,NA,NA,NA,1,NA,NA,NA,NA
3793422,NA,202301,162,20,NA,6,68560,1,NA,42.1,2,NA,NA,NA,NA,NA,NA,NA,NA,1,NA,NA,NA,NA
3793423,NA,202301,162,20,NA,6,68560,1,NA,45,2,NA,NA,NA,NA,NA,NA,NA,NA,1,NA,NA,NA,NA
3793424,NA,202301,162,20,NA,6,68560,1,NA,60.8,2,NA,NA,NA,NA,NA,NA,NA,NA,1,NA,NA,NA,NA
3793425,NA,202301,162,20,NA,6,68560,1,NA,69.2,2,NA,NA,NA,NA,NA,NA,NA,NA,1,NA,NA,NA,NA
3793426,NA,202301,162,20,NA,6,68560,1,NA,57.1,2,NA,NA,NA,NA,NA,NA,NA,NA,1,NA,NA,NA,NA
3793427,NA,202301,162,20,NA,6,68560,1,NA,55.8,2,NA,NA,NA,NA,NA,NA,NA,NA,1,NA,NA,NA,NA
3793428,NA,202301,162,20,NA,6,68560,1,NA,57.7,2,NA,NA,NA,NA,NA,NA,NA,NA,1,NA,NA,NA,NA
3793429,NA,202301,162,20,NA,6,68560,1,NA,45.6,2,NA,NA,NA,NA,NA,NA,NA,NA,1,NA,NA,NA,NA
3793430,NA,202301,162,20,NA,6,68560,1,NA,53.8,2,NA,NA,NA,NA,NA,NA,NA,NA,1,NA,NA,NA,NA
3793431,NA,202301,162,20,NA,6,68560,1,NA,73.8,2,NA,NA,NA,NA,NA,NA,NA,NA,1,NA,NA,NA,NA
3793432,NA,202301,162,20,NA,6,68560,1,NA,80.2,2,NA,NA,NA,NA,NA,NA,NA,NA,1,NA,NA,NA,NA
3793433,NA,202301,162,20,NA,6,68560,1,NA,81,2,NA,NA,NA,NA,NA,NA,NA,NA,1,NA,NA,NA,NA
3793434,NA,202301,162,20,NA,6,68560,1,NA,68.8,2,NA,NA,NA,NA,NA,NA,NA,NA,1,NA,NA,NA,NA
3793452,NA,202301,162,18,NA,NA,68550,1,NA,143.6,2,NA,NA,NA,NA,NA,NA,NA,NA,1,NA,NA,NA,NA
3793684,-22123,202301,162,25,"E-12",2,69322,2,137.2,NA,2,2,1,5,NA,NA,NA,NA,NA,1,NA,NA,NA,"E-12"
3793685,-22123,202301,162,25,"E-12",2,69322,2,149.2,NA,2,2,1,5,NA,NA,NA,NA,NA,1,NA,NA,NA,"E-12"
3793686,-22123,202301,162,25,"E-12",2,69322,2,157.8,NA,2,2,1,5,NA,NA,NA,NA,NA,1,NA,NA,NA,"E-12"
3793687,-22123,202301,162,25,"E-12",2,69322,2,125.5,NA,2,2,1,5,NA,NA,NA,NA,NA,1,NA,NA,NA,"E-12"
3793689,-22123,202301,162,25,"E-12",2,69322,2,113.2,NA,2,2,1,5,NA,NA,NA,NA,NA,1,NA,NA,NA,"E-12"
3793690,-22123,202301,162,25,"E-12",2,69322,2,144.7,NA,2,2,1,5,NA,NA,NA,NA,NA,1,NA,NA,NA,"E-12"
3793691,-22123,202301,162,25,"E-12",2,69322,2,132.3,NA,2,2,1,5,NA,NA,NA,NA,NA,1,NA,NA,NA,"E-12"
3793692,-22123,202301,162,25,"E-12",2,69322,2,157.7,NA,2,2,1,5,NA,NA,NA,NA,NA,1,NA,NA,NA,"E-12"
3793693,-22123,202301,162,25,"E-12",2,69322,2,149.5,NA,2,2,1,5,NA,NA,NA,NA,NA,1,NA,NA,NA,"E-12"
3793694,-22123,202301,162,25,"E-12",6,68560,1,NA,106.3,4,NA,NA,NA,415,NA,NA,NA,NA,1,21.6,NA,NA,"E-12"
3793695,-22123,202301,162,25,"E-12",6,68560,1,NA,77.5,2,NA,NA,NA,NA,NA,NA,NA,NA,1,10.3,NA,NA,"E-12"
3793697,-22123,202301,162,25,"E-12",6,68560,2,NA,72.5,2,0,0,0,NA,NA,NA,NA,NA,1,NA,NA,NA,"E-12"
3793698,-22123,202301,162,25,"E-12",6,68560,2,NA,73.1,2,0,0,0,NA,NA,NA,NA,NA,1,NA,NA,NA,"E-12"
3793699,-22123,202301,162,25,"E-12",6,68560,2,NA,77.8,2,0,0,0,NA,NA,NA,NA,NA,1,NA,NA,NA,"E-12"
3793700,-22123,202301,162,25,"E-12",6,68560,2,NA,75.1,2,0,0,0,111,NA,NA,NA,NA,1,NA,NA,NA,"E-12"
3793701,-22123,202301,162,25,"E-12",6,68560,2,NA,79.1,2,0,0,0,128,NA,NA,NA,NA,1,NA,NA,NA,"E-12"
3793702,-22123,202301,162,25,"E-12",6,68560,2,NA,75.8,2,0,0,0,114,NA,NA,NA,NA,1,NA,NA,NA,"E-12"
3793703,-22123,202301,162,25,"E-12",6,68560,2,NA,79.3,2,0,0,0,137,NA,NA,NA,NA,1,NA,NA,NA,"E-12"
3793704,NA,202301,162,26,NA,2,69322,2,112.4,NA,2,2,1,6,NA,NA,NA,NA,NA,1,NA,NA,NA,NA
3793705,NA,202301,162,26,NA,2,69322,2,120.8,NA,2,2,1,6,NA,NA,NA,NA,NA,1,NA,NA,NA,NA
3793706,NA,202301,162,26,NA,2,69322,2,105.9,NA,2,2,1,5,NA,NA,NA,NA,NA,1,NA,NA,NA,NA
3793748,NA,202301,162,42,NA,6,68560,1,NA,59.1,2,NA,NA,NA,NA,NA,NA,NA,NA,1,NA,NA,NA,NA
3793749,NA,202301,162,42,NA,6,68560,1,NA,149.8,2,NA,NA,NA,NA,NA,NA,NA,NA,1,NA,NA,NA,NA
3793750,NA,202301,162,42,NA,6,68560,1,NA,121,2,NA,NA,NA,NA,NA,NA,NA,NA,1,NA,NA,NA,NA
3793751,NA,202301,162,42,NA,6,68560,1,NA,128.1,2,NA,NA,NA,NA,NA,NA,NA,NA,1,NA,NA,NA,NA
3794097,-22174,202301,162,41,"G-10",2,69322,2,120.8,NA,2,2,1,5,NA,NA,NA,NA,NA,1,NA,NA,NA,"G-10"
3794098,-22174,202301,162,41,"G-10",2,69322,2,146.7,NA,2,2,1,5,NA,NA,NA,NA,NA,1,NA,NA,NA,"G-10"
3794099,-22174,202301,162,41,"G-10",2,69322,2,128.3,NA,2,2,1,5,NA,NA,NA,NA,NA,1,NA,NA,NA,"G-10"
3794100,-22174,202301,162,41,"G-10",2,69322,2,100.6,NA,2,2,1,5,829,NA,NA,NA,NA,1,NA,NA,NA,"G-10"
3794101,-22174,202301,162,41,"G-10",2,69322,2,125.6,NA,2,2,1,5,1414,NA,NA,NA,NA,1,NA,NA,NA,"G-10"
